id,first_name,last_name,email,phone_number,birth_date,RAMQ_number,address_id
1,Alfie,Gaffney,agaffney0@cnbc.com,246-331-1062,1996-06-10,KIJA45239602,20
2,Buddy,Tromans,btromans1@java.com,657-882-3116,2014-01-29,OKUM11226559,482
3,Steven,De la Yglesias,sdelayglesias2@house.gov,617-871-2853,1982-09-09,JKVK22128362,371
4,Bone,Davage,bdavage3@sourceforge.net,337-457-5190,1967-04-27,APXK03268620,216
5,Culley,Mayor,cmayor4@hubpages.com,878-350-6214,2004-01-12,FHCL11268886,359
6,Moore,Spenclay,mspenclay5@psu.edu,682-957-7559,1998-09-09,APGO33779384,270
7,Rodolphe,Southerton,rsoutherton6@google.es,469-302-9207,2016-05-12,DKIR39952203,152
8,Filia,Bullus,fbullus7@usnews.com,490-642-5548,1962-01-24,VKFV26406951,10
9,Dino,Fusedale,dfusedale8@digg.com,365-441-1716,2010-07-21,YWBG61833287,173
10,Elie,Culcheth,eculcheth9@cmu.edu,980-419-9823,1971-11-10,DHNS37968294,213
11,Brittany,Ostridge,bostridgea@t.co,808-585-3725,1993-08-25,AHUL72024510,23
12,Hadleigh,Weild,hweildb@chronoengine.com,274-816-2485,2004-02-23,MKKE20183058,341
13,Chelsie,Kindred,ckindredc@clickbank.net,960-148-5521,1974-08-07,FDCQ93339985,18
14,Bevvy,Kienl,bkienld@time.com,609-922-0263,2001-10-12,KBIV78684856,190
15,Dal,Bru,dbrue@guardian.co.uk,155-724-0443,2018-02-20,IYOV72194234,275
16,Kiley,Shyre,kshyref@acquirethisname.com,133-292-9532,2012-03-06,TFBP39528047,119
17,Justen,Dunklee,jdunkleeg@army.mil,843-570-8020,2016-11-19,KCGL43175388,377
18,Lambert,Agnolo,lagnoloh@buzzfeed.com,120-440-3670,2017-11-05,IIUZ07687504,461
19,Sheila-kathryn,Cranshaw,scranshawi@reference.com,293-319-6455,1955-09-14,BBWR46514062,170
20,Raine,Stansbie,rstansbiej@usda.gov,438-159-4809,1999-02-03,WRUC54295740,204
21,Ailyn,De Blasio,adeblasiok@homestead.com,870-888-3521,1975-07-30,HEQH37798828,324
22,Kendell,Lovart,klovartl@webeden.co.uk,172-720-2218,2008-06-20,CJPC34131120,370
23,Galven,Bumpas,gbumpasm@php.net,424-622-8889,1981-08-05,TYSO52774839,399
24,Norene,Spurriar,nspurriarn@digg.com,876-541-4543,1997-12-17,FQAB60618354,3
25,Melosa,Crutchley,mcrutchleyo@cbsnews.com,172-872-8481,2018-07-09,PCFR45582511,119
26,Vasily,Dorrian,vdorrianp@ucsd.edu,314-615-7141,1971-12-20,SCSN25852296,69
27,Vincenty,Georgeon,vgeorgeonq@huffingtonpost.com,134-934-9457,2005-09-20,EWDE87694615,475
28,Sigfrid,Loveland,slovelandr@w3.org,531-764-2378,1961-04-05,DGHJ85276097,356
29,Eugene,Argue,eargues@ning.com,217-531-4750,1951-08-13,NFOR37395802,150
30,Ashla,Yorke,ayorket@friendfeed.com,452-526-4341,2019-10-29,PAPE12655590,36
31,Roma,MacDunlevy,rmacdunlevyu@mtv.com,625-616-0928,1976-12-30,SWCT97661781,421
32,Alessandro,Fritchley,afritchleyv@utexas.edu,110-591-7946,2006-10-01,MPNZ49158510,114
33,Sherwin,Coggon,scoggonw@bluehost.com,424-512-6941,1959-02-24,OUKR27940523,229
34,Neall,Demonge,ndemongex@so-net.ne.jp,323-414-7980,2008-03-15,POGJ00901684,483
35,Wolfie,Craiker,wcraikery@tiny.cc,330-768-3501,1973-01-20,PTOK63835637,193
36,Ramona,Bradburn,rbradburnz@shutterfly.com,558-600-6020,1963-07-15,OYOG40404504,450
37,Barde,Barthel,bbarthel10@shop-pro.jp,431-420-3935,2001-05-29,SLHY21004608,408
38,Mahala,Libreros,mlibreros11@yale.edu,818-570-3413,1992-05-15,WFJT32519670,413
39,Gamaliel,Bucke,gbucke12@msu.edu,308-529-2071,1983-08-26,ZEOM68233258,231
40,Adeline,Colnet,acolnet13@google.com.br,571-359-7122,2013-03-23,YCSK07395553,499
41,Aimee,Scawn,ascawn14@surveymonkey.com,508-862-7306,2003-05-30,AXOA03708570,251
42,Elissa,Cloake,ecloake15@cbsnews.com,933-961-9946,2019-05-23,WYQQ14147775,57
43,Melany,Hanlin,mhanlin16@nih.gov,135-498-1737,1964-04-21,VNPN74295964,148
44,Bette-ann,Tudor,btudor17@berkeley.edu,173-243-2806,1995-07-09,AWNP80048100,428
45,Derward,Biddlecombe,dbiddlecombe18@si.edu,800-352-3093,2010-12-27,YEVK39882501,184
46,Petronille,Smithers,psmithers19@usa.gov,150-644-5998,1993-04-17,IOHB21966899,150
47,Rafaello,Billanie,rbillanie1a@simplemachines.org,830-800-8516,1957-03-16,ZLSV14346530,446
48,Carmen,Heatly,cheatly1b@amazon.co.jp,637-240-2379,1957-08-13,SNPM75195097,491
49,Brandise,Varfalameev,bvarfalameev1c@friendfeed.com,646-325-3992,2001-12-10,LMOW31140164,226
50,Melicent,Abbatini,mabbatini1d@networksolutions.com,509-406-2462,1956-04-18,UKTU03522785,398
51,Shirley,Etheridge,setheridge1e@domainmarket.com,683-676-7059,2019-01-27,ZQIS15713604,323
52,Thaine,Muckian,tmuckian1f@springer.com,823-972-5490,1966-06-04,AQFB38043148,293
53,Nate,Morais,nmorais1g@dyndns.org,339-301-0827,2003-07-24,TJZF12642667,337
54,Danica,McDool,dmcdool1h@lulu.com,961-409-9697,1977-12-14,HTJS91436468,258
55,Markos,Deam,mdeam1i@creativecommons.org,632-832-2120,1981-10-21,SWLC35463639,204
56,Dorey,Fallow,dfallow1j@tamu.edu,915-730-6986,1969-08-26,PPEO42057208,356
57,Hi,Toderini,htoderini1k@xrea.com,517-254-3149,1958-02-18,KLQC41126429,93
58,Danya,Hoys,dhoys1l@cargocollective.com,686-745-9228,1957-03-27,LLCZ49442727,92
59,Stormie,Gaddes,sgaddes1m@edublogs.org,374-249-1165,1969-11-05,EKRL53468075,416
60,Libbi,Bigland,lbigland1n@netlog.com,861-606-5955,2010-08-26,CFST93781960,367
61,Balduin,Suett,bsuett1o@wiley.com,805-583-6837,1958-08-25,TXHC66578462,53
62,Cinda,Oliveto,coliveto1p@usatoday.com,274-477-4127,1980-06-03,PGJN15718103,421
63,Washington,Worvill,wworvill1q@dot.gov,271-574-8212,1953-12-19,GOPS14538356,113
64,Reynard,Pilcher,rpilcher1r@reddit.com,796-344-4300,1995-07-13,KEMK01778390,267
65,Lyon,Loche,lloche1s@g.co,512-820-1982,1974-03-31,JBOY40927898,55
66,Anjanette,Rudiger,arudiger1t@indiatimes.com,508-853-3586,2019-06-27,KWEI06034752,451
67,Brandie,Trendle,btrendle1u@altervista.org,982-919-0768,1960-06-25,ZSJF29518132,344
68,Gertrud,Arniz,garniz1v@scribd.com,139-799-5212,1974-01-16,XXLE56829912,451
69,Sophi,Marielle,smarielle1w@purevolume.com,576-252-5103,1989-06-08,PEQU96803448,14
70,Del,Little,dlittle1x@addtoany.com,305-472-2581,1952-09-05,JMWG47755883,329
71,Hulda,Shwenn,hshwenn1y@narod.ru,465-354-5779,1975-09-22,JZCN91433952,275
72,Nester,Paley,npaley1z@ebay.co.uk,796-505-4096,1984-11-17,GDQA36928951,196
73,Morgan,Pallin,mpallin20@cnn.com,432-332-6264,1986-07-05,PIAP91150804,178
74,Vania,Grenville,vgrenville21@archive.org,887-459-8911,1999-09-05,DTYC47693509,220
75,Adriaens,Benjefield,abenjefield22@free.fr,330-849-3495,1996-10-07,YHHY43992583,84
76,Lizette,Rizzetti,lrizzetti23@google.co.jp,382-532-7728,1992-10-08,VHTD71287361,105
77,Samuele,Dowsett,sdowsett24@goodreads.com,696-410-5472,1990-02-07,VNGA60891639,210
78,Cyndi,Rangall,crangall25@yale.edu,214-712-5760,1979-08-28,EKQZ67147621,7
79,Martguerita,Galler,mgaller26@japanpost.jp,536-437-1223,2017-08-05,YIGQ47478659,242
80,Brynna,Ordidge,bordidge27@qq.com,671-189-9394,1959-08-28,UELE24693018,136
81,Tate,Farington,tfarington28@google.co.jp,145-690-2385,1985-08-23,SXWX14839444,237
82,Zulema,Chaffyn,zchaffyn29@google.fr,931-504-7710,1959-11-27,YGOM87259240,113
83,Anne-marie,Boyes,aboyes2a@rambler.ru,414-126-7542,1950-06-12,CTDI77708455,465
84,Damita,Jerrolt,djerrolt2b@fema.gov,450-595-7089,1963-08-30,JWOA44013061,128
85,Malachi,Smallpiece,msmallpiece2c@dot.gov,706-158-3807,2018-11-04,ACHO12198290,294
86,Willem,Castellucci,wcastellucci2d@aboutads.info,392-733-7224,2006-05-18,JHXN97785696,430
87,Mercy,Christian,mchristian2e@dyndns.org,372-679-2399,2017-11-15,NPIU65417943,451
88,Vale,Broomhead,vbroomhead2f@t-online.de,324-690-4213,1998-10-11,MUJG23719989,469
89,Perrine,Smullen,psmullen2g@vinaora.com,149-343-6687,1972-09-01,HFWT76384189,38
90,Dominique,Wormald,dwormald2h@tumblr.com,553-775-3826,1982-06-28,ROUN90354632,80
91,Clareta,McKnockiter,cmcknockiter2i@timesonline.co.uk,984-125-3690,1957-01-28,ZTUP53263082,98
92,Marthe,Djakovic,mdjakovic2j@newsvine.com,654-602-1193,1985-01-07,TAJD95785114,82
93,Nikolas,Faulconbridge,nfaulconbridge2k@artisteer.com,272-411-8588,2003-09-24,XIAY16770496,82
94,Bondie,Cornelissen,bcornelissen2l@ucla.edu,521-790-3303,1987-03-16,SZTJ75332230,444
95,Franzen,Fairall,ffairall2m@bloglines.com,908-619-8715,1999-05-10,FZNA57542644,285
96,Leonore,Foad,lfoad2n@1688.com,857-802-7486,2011-04-05,ZUNL83203117,308
97,Tan,Beakes,tbeakes2o@tmall.com,170-201-8824,1960-03-22,OIXV67629901,489
98,Brenden,Rebanks,brebanks2p@clickbank.net,126-317-0046,1985-05-15,XOMZ06696777,116
99,Uriel,Maclaine,umaclaine2q@dyndns.org,376-913-1366,1998-03-05,VYMH20286887,316
100,Konrad,Yurygyn,kyurygyn2r@ask.com,997-752-6290,2002-05-20,GUEK39583093,346
101,Martino,Blackhall,mblackhall2s@tinyurl.com,345-193-1673,1991-08-31,FGOJ00854594,34
102,Kiersten,Grafham,kgrafham2t@domainmarket.com,945-316-2398,1958-08-18,ZCOZ67388893,46
103,Ellswerth,Southan,esouthan2u@sciencedirect.com,997-343-2672,1967-03-29,WISI05273083,186
104,Sam,Piers,spiers2v@mapy.cz,121-198-1568,1984-06-17,NZIT66412560,121
105,Lacy,Gheorghie,lgheorghie2w@archive.org,118-654-7106,2011-03-27,XLAR72635595,320
106,Davidde,Klossek,dklossek2x@washingtonpost.com,431-222-1848,1972-11-06,USIW12319268,448
107,Ignaz,Forcade,iforcade2y@home.pl,196-766-3680,1989-08-21,XZHJ51805103,402
108,Odilia,Poulson,opoulson2z@slideshare.net,841-187-8189,2002-03-23,GWWG56855595,10
109,Garrott,Patis,gpatis30@indiegogo.com,164-255-4934,1998-08-15,QKNW52265386,360
110,Annissa,Burnhams,aburnhams31@altervista.org,895-896-8565,1953-07-15,JOGL13503731,142
111,Sissie,Wressell,swressell32@linkedin.com,882-568-4174,1957-04-20,JAAE94865628,296
112,Niel,Rizzardini,nrizzardini33@t-online.de,119-891-0482,1977-11-12,DQCM97060629,359
113,Stefano,Coats,scoats34@samsung.com,322-564-8581,2018-10-07,TPRH20079465,403
114,Lari,Naismith,lnaismith35@noaa.gov,344-695-1213,2000-02-13,QNPW72544070,427
115,Lissa,Eynon,leynon36@ibm.com,188-608-8467,1993-03-15,BMGH60662791,267
116,Irwinn,Halpen,ihalpen37@hhs.gov,966-737-5923,1990-07-19,FRJR56420167,355
117,Hanson,Carah,hcarah38@cisco.com,619-171-1649,1970-03-25,VSSX90366958,303
118,Kev,Hedan,khedan39@php.net,750-195-5534,2003-05-29,CIKR45604917,72
119,Berri,Laimable,blaimable3a@is.gd,852-971-6358,1969-03-24,SPZQ47556254,337
120,Wilma,Scneider,wscneider3b@epa.gov,637-614-5049,2018-06-07,FYVM98978301,295
121,Nan,Kettel,nkettel3c@cnbc.com,749-187-8571,1956-08-22,VXYI13477316,416
122,Doralyn,Pellman,dpellman3d@cisco.com,880-669-0916,1958-08-24,NLUC74630419,315
123,Maiga,Brogi,mbrogi3e@mediafire.com,365-353-5247,1951-08-06,LRFF19469348,454
124,Stephan,McCerery,smccerery3f@cornell.edu,125-708-0667,1954-09-29,CQRU11034499,12
125,Xena,Rixon,xrixon3g@wufoo.com,559-209-8256,1980-02-01,QNEQ49436075,417
126,Whitney,Fairclough,wfairclough3h@jugem.jp,633-282-6723,1959-06-29,RFUL75196871,104
127,Marjorie,Money,mmoney3i@theglobeandmail.com,494-106-6422,2008-07-27,SQLG89362656,194
128,Edeline,Staves,estaves3j@xrea.com,803-954-6699,2009-02-21,TFJX28139828,429
129,Enrico,Burchnall,eburchnall3k@nymag.com,329-567-0350,1976-09-29,NNMV33705114,227
130,Luce,Shovel,lshovel3l@timesonline.co.uk,419-323-6930,1953-03-04,LKOB86070647,44
131,Dorree,Meake,dmeake3m@de.vu,291-758-7608,1989-09-05,CAQX01291566,102
132,Lyndsay,Brame,lbrame3n@phpbb.com,817-740-9862,1958-04-01,MJZT35269559,151
133,Farly,Dye,fdye3o@domainmarket.com,749-192-2103,2012-10-13,ICUG06744089,236
134,Ester,Arnaudot,earnaudot3p@answers.com,164-522-2735,2006-04-24,UENQ68803987,468
135,Ellery,Wealleans,ewealleans3q@squidoo.com,908-259-0205,1964-03-03,LKVR35083508,154
136,Yetta,Otter,yotter3r@sitemeter.com,600-358-3277,1974-01-26,HHIR34866693,174
137,Kipp,Jansens,kjansens3s@usda.gov,681-817-2299,1983-02-04,OKVH18850327,117
138,Arvie,Lefeaver,alefeaver3t@cyberchimps.com,431-381-5250,1979-01-04,XXUR40289025,246
139,Casey,Wensley,cwensley3u@ycombinator.com,375-329-9779,1990-07-31,FNJX85736948,370
140,Simeon,Bimson,sbimson3v@craigslist.org,201-657-7457,1951-03-05,OXHB67080665,498
141,Randal,Hylands,rhylands3w@nationalgeographic.com,684-775-6397,2010-10-07,BPWT95924932,305
142,Tommi,Pratton,tpratton3x@seattletimes.com,144-473-1638,1994-10-23,JDUK43417999,448
143,Ilario,Marton,imarton3y@elpais.com,864-377-7032,2007-02-12,JTSQ70780063,160
144,Hildegarde,Spikeings,hspikeings3z@spotify.com,378-256-6354,2020-02-23,ZRYT68275423,108
145,Giorgi,Hubbis,ghubbis40@alibaba.com,612-666-1550,1987-02-09,NRMV77715641,238
146,Aristotle,Belfit,abelfit41@amazon.co.uk,150-286-6083,2011-01-31,CNKJ93541281,278
147,Geri,Edmondson,gedmondson42@youtube.com,873-801-9867,2017-11-28,OVCQ58841816,411
148,Britta,Moors,bmoors43@bandcamp.com,150-112-2532,1957-01-27,LYTW58398811,16
149,Bronny,Marrow,bmarrow44@hugedomains.com,408-690-3225,1954-04-03,ZRPL88930860,371
150,Alvan,Yakubovich,ayakubovich45@squidoo.com,957-836-2595,1989-10-25,XBHS67134116,444
151,Harriott,Gooder,hgooder46@reuters.com,759-838-3498,1954-01-11,UNIW14079107,206
152,Kirby,Cooksley,kcooksley47@virginia.edu,853-674-9064,1966-01-03,MDID78187185,499
153,Belicia,Glendinning,bglendinning48@cam.ac.uk,518-575-2241,2018-07-20,LLDA63486577,356
154,Gayla,Tomczynski,gtomczynski49@netlog.com,426-220-8002,1980-11-30,GGKH46516228,87
155,Paulie,Filippozzi,pfilippozzi4a@eventbrite.com,688-874-0294,1971-03-31,EMDT96945503,9
156,Rusty,Boggon,rboggon4b@rambler.ru,698-591-3727,2011-05-24,VQVT01494974,139
157,Vaclav,Percy,vpercy4c@nydailynews.com,817-157-7169,1981-02-18,PREM43348196,265
158,Dorian,Josefovic,djosefovic4d@trellian.com,880-836-1496,2000-05-22,TKAV30310979,251
159,Lyn,Perle,lperle4e@hostgator.com,653-819-3827,1956-03-14,EQOH98948171,109
160,Joelynn,Pardue,jpardue4f@seattletimes.com,749-514-5688,1989-09-05,JVFG72439562,165
161,Dannie,Camois,dcamois4g@google.com.au,532-341-1898,1990-02-11,UCTI18736937,74
162,Tremaine,Adamik,tadamik4h@cafepress.com,208-698-6426,1969-01-03,BYLK49801139,281
163,Barnabas,Roloff,broloff4i@phoca.cz,622-189-0561,2006-05-11,DEAO27798474,301
164,Alis,Hillyatt,ahillyatt4j@surveymonkey.com,750-632-1562,1960-02-08,IODY93631810,49
165,Boyce,Armytage,barmytage4k@a8.net,179-379-3400,1986-10-04,NBWI70886997,408
166,Bel,Carp,bcarp4l@taobao.com,398-175-1502,1992-11-01,QJEY67196855,233
167,Arte,Allender,aallender4m@gizmodo.com,543-112-8733,1967-05-25,KZJX51628664,51
168,Gert,Sherrock,gsherrock4n@disqus.com,723-128-8985,1954-12-16,VFJA33456217,397
169,Augusto,Feige,afeige4o@nasa.gov,899-863-0924,1969-10-18,HNWP16886906,30
170,Raff,Manuel,rmanuel4p@patch.com,152-479-4533,1960-01-17,FKSV19428836,17
171,Paolina,Capron,pcapron4q@comsenz.com,561-996-4756,1990-03-26,JFMC20384207,133
172,Devora,Gwilt,dgwilt4r@creativecommons.org,913-181-5840,1984-03-14,RPBG50862416,386
173,Reinwald,Lafranconi,rlafranconi4s@naver.com,451-860-1843,1989-06-26,PPWF41759367,252
174,Danila,Patton,dpatton4t@japanpost.jp,291-233-1349,2016-04-27,XHON43387126,441
175,Percy,Benediktovich,pbenediktovich4u@chicagotribune.com,818-140-0711,2014-06-08,KNCS96395328,191
176,Joline,Drakers,jdrakers4v@adobe.com,913-180-7285,1980-04-13,PYMD30847893,219
177,Udell,Challinor,uchallinor4w@hubpages.com,995-887-5512,1996-08-11,VMJG85213803,435
178,Hillery,Rackham,hrackham4x@xrea.com,908-842-4369,2013-11-21,ARMQ12677623,76
179,Rayna,Fidgin,rfidgin4y@wikipedia.org,649-675-8225,2018-02-03,ASBA24582291,23
180,Ashlie,Hissie,ahissie4z@harvard.edu,226-277-8486,1995-10-19,QBNZ28998244,329
181,Vyky,Percival,vpercival50@xing.com,588-641-8659,1993-10-19,ODOY15299987,344
182,Melody,Terren,mterren51@yandex.ru,186-507-3438,2003-08-10,JVHM19376653,124
183,Lotte,Pittson,lpittson52@accuweather.com,352-408-1748,2013-08-03,BCDL93750371,134
184,Brana,Matlock,bmatlock53@simplemachines.org,225-485-8604,1982-11-05,PZTJ46949208,281
185,Harlin,Toppin,htoppin54@livejournal.com,899-896-5682,1994-08-12,NXVO84730604,166
186,Cara,Easton,ceaston55@amazon.co.jp,207-833-0637,1976-11-24,KFLM63479421,418
187,Teddy,Berendsen,tberendsen56@fotki.com,997-182-8511,1975-06-06,SZMZ41587712,258
188,Niall,Gilvary,ngilvary57@addtoany.com,737-536-7053,1986-11-24,HTYG12869735,396
189,Matty,Emeney,memeney58@meetup.com,405-258-1685,1970-09-14,XTCP12127115,410
190,Amity,McMenemy,amcmenemy59@parallels.com,741-643-5400,2017-07-01,FSHV39434103,107
191,Nils,Kernaghan,nkernaghan5a@pcworld.com,712-399-8041,1980-01-22,YQCT09828889,390
192,Liesa,Larne,llarne5b@discovery.com,328-111-7986,2010-04-22,YUAB45339108,178
193,Rhoda,Walshe,rwalshe5c@rediff.com,521-722-8970,1962-05-28,EWHH03589765,493
194,Zoe,Parkisson,zparkisson5d@nih.gov,877-581-3914,2003-08-12,YEHF35642471,24
195,Doti,Caulder,dcaulder5e@w3.org,749-177-2244,1993-12-12,WHXL79791228,246
196,Alexis,Eamer,aeamer5f@mapy.cz,600-882-1856,2014-11-10,TKHF61998757,226
197,Bobbe,Heffer,bheffer5g@xinhuanet.com,499-351-6053,1970-02-06,CAOE08782006,435
198,Case,Anespie,canespie5h@artisteer.com,102-111-0491,1962-07-18,FAIG33319253,299
199,Pascale,Fortey,pfortey5i@storify.com,905-374-6571,1993-12-22,YNXE97460490,258
200,Ezequiel,Stitfall,estitfall5j@ask.com,205-222-3304,1996-07-02,LUOV09586086,241
201,Tally,Kenset,tkenset5k@state.gov,771-452-7212,1953-03-30,GPQJ20714699,285
202,Isadore,Paprotny,ipaprotny5l@home.pl,435-141-4173,2001-09-08,RHMA86279633,129
203,Jaimie,Riehm,jriehm5m@wikia.com,133-967-8663,1976-03-31,RSHN83456965,381
204,Dina,Duling,dduling5n@hugedomains.com,276-448-5233,1998-03-06,MFHS89983385,268
205,Julita,Bescoby,jbescoby5o@craigslist.org,722-297-6921,2019-03-20,IFLM23250036,123
206,Rhetta,Faulconbridge,rfaulconbridge5p@ehow.com,300-827-4220,1966-06-21,PJVU79252248,274
207,Tyler,Cheeseman,tcheeseman5q@goo.ne.jp,508-800-2519,1973-10-03,IQQI73801424,62
208,Konstantin,Laurenzi,klaurenzi5r@arizona.edu,275-948-4520,1986-03-01,NVXT12142742,218
209,Sansone,Pepineaux,spepineaux5s@smh.com.au,956-512-4365,1993-01-28,WMKZ96050769,213
210,Antonina,Bargery,abargery5t@amazon.de,246-439-6154,1965-12-11,URFX26440060,455
211,Darbee,Kennicott,dkennicott5u@dagondesign.com,793-311-0458,1986-02-14,EDTG78134084,15
212,Julissa,Bride,jbride5v@berkeley.edu,313-436-0355,1959-04-23,BFQS26504162,487
213,Patrizia,Gorries,pgorries5w@4shared.com,363-424-0215,1999-06-27,EVAL44364260,297
214,Dennie,Tomaszewicz,dtomaszewicz5x@chronoengine.com,827-914-1445,1968-05-15,EQTG28751440,150
215,Giovanni,Inkles,ginkles5y@army.mil,481-496-2941,1987-10-18,GGRE77654490,33
216,Georgiana,Caselli,gcaselli5z@adobe.com,808-340-2117,2008-12-26,KQSO15013327,54
217,Byram,Jurges,bjurges60@goo.gl,249-240-0024,1955-11-18,RLGZ73338025,340
218,Farica,Millbank,fmillbank61@blinklist.com,268-934-3671,1964-05-25,EBFD86970199,498
219,Dorothy,Cradduck,dcradduck62@bloglines.com,902-926-8771,1998-01-29,YDID94519839,329
220,Hetty,Reddie,hreddie63@typepad.com,816-231-5834,1959-07-15,AXBR75950131,72
221,Alejandra,Carnegie,acarnegie64@wordpress.com,994-938-1743,1971-11-24,SZMO28733361,330
222,Ricki,Tiffin,rtiffin65@wordpress.com,122-399-0252,2003-11-19,GATZ30789643,295
223,Clarence,Pilipyak,cpilipyak66@live.com,530-309-6233,1975-10-29,IXEV10935759,317
224,Elyse,Rillstone,erillstone67@last.fm,956-298-7397,1951-10-24,TVTG99372531,200
225,Emogene,Middlebrook,emiddlebrook68@stumbleupon.com,125-707-1492,2019-07-11,WKFW49288619,428
226,Kelbee,Brea,kbrea69@g.co,298-579-8543,1987-05-03,KZLU88822062,446
227,Walker,Casley,wcasley6a@twitpic.com,386-699-0550,2000-07-20,QALA89924071,121
228,Kalle,Rosenbusch,krosenbusch6b@deviantart.com,212-834-0499,1959-08-15,RGPS88266350,280
229,Kalie,Brende,kbrende6c@kickstarter.com,483-655-6775,1994-05-25,FKAI73072448,447
230,Amie,Sands-Allan,asandsallan6d@rediff.com,778-580-7597,1950-09-01,FLTH10737451,258
231,Alexei,Corhard,acorhard6e@imdb.com,425-550-0000,1987-01-04,RMOA75948096,48
232,Evan,Cabane,ecabane6f@multiply.com,893-474-9327,1956-09-20,GBRR26317609,325
233,Daisy,O'Farrell,dofarrell6g@wufoo.com,909-941-2774,1970-09-07,CNAI61634976,462
234,Leeland,Jahncke,ljahncke6h@yale.edu,394-412-5442,1969-01-20,FRJR51598349,107
235,Patsy,Boughen,pboughen6i@zimbio.com,388-810-2308,1979-01-01,DRJC37494536,15
236,Kimball,Celloni,kcelloni6j@hp.com,514-791-4549,1953-08-03,MBUX59864236,253
237,Baillie,Tunkin,btunkin6k@nhs.uk,737-463-8846,2001-08-07,REWK62632122,115
238,Bibbie,Chotty,bchotty6l@google.pl,207-939-7260,2005-04-15,UFHB36478166,486
239,Korney,Nichols,knichols6m@etsy.com,878-135-7223,1993-06-16,MTUJ40748776,313
240,Maurise,McGunley,mmcgunley6n@tiny.cc,745-687-1808,1971-06-30,EWJD37188252,429
241,Cleavland,Symmons,csymmons6o@freewebs.com,336-735-1449,2012-04-15,NPZX00280492,11
242,Brand,Hacaud,bhacaud6p@hibu.com,560-241-1020,1982-05-09,XHRZ46771558,430
243,Claire,Cohane,ccohane6q@aboutads.info,216-208-6139,2013-04-22,UZUF72926535,267
244,Conan,Le Frank,clefrank6r@rakuten.co.jp,680-785-3840,1955-05-07,EFBE82718018,416
245,Dimitry,Clawsley,dclawsley6s@goo.gl,730-772-6010,1990-01-25,JTVD57590274,407
246,Dar,Bowling,dbowling6t@delicious.com,133-535-5724,1961-07-30,FHRT01112419,73
247,Pall,McAlroy,pmcalroy6u@photobucket.com,504-856-7885,1962-01-09,UKBR84696967,254
248,Shaine,Branford,sbranford6v@posterous.com,278-157-1002,1984-09-14,HHYB40439462,27
249,Vitia,Crosoer,vcrosoer6w@blogtalkradio.com,184-203-9396,1998-01-02,MXVP98743513,400
250,Vidovic,Tompkinson,vtompkinson6x@disqus.com,481-139-9255,2014-08-15,XHDQ47861468,424
