first_name,last_name,email,birth_date,RAMQ_ID
Nollie,Whitwood,nwhitwood0@lulu.com,1985-05-17,ROSO20751594
Nesta,Godby,ngodby1@barnesandnoble.com,1994-12-02,DTPN56036840
Seline,Darkins,sdarkins2@xinhuanet.com,1967-05-20,EMPW03572319
Marcellina,Mewrcik,mmewrcik3@csmonitor.com,1958-03-25,VVUN14217687
Ellie,Roofe,eroofe4@wiley.com,1959-04-01,ETDP42307143
Georgine,O'Cannovane,gocannovane5@wsj.com,2020-12-09,SWZY63842470
Urbain,Pursey,upursey6@vistaprint.com,1982-02-11,IKVJ58491392
Demetri,Syseland,dsyseland7@so-net.ne.jp,1950-01-05,NKKE30687584
Zarla,Jakeman,zjakeman8@unblog.fr,1995-05-04,ZVIJ20532827
Collin,Caffery,ccaffery9@bluehost.com,2010-08-21,LKYT82506291
Sharity,Scaddon,sscaddona@stanford.edu,1956-12-17,UDLF01248227
Hamlen,Luca,hlucab@bing.com,1963-05-13,DRWU00987533
Price,Menichillo,pmenichilloc@imageshack.us,1957-07-08,PSNI01376802
Cyrille,Lyokhin,clyokhind@dot.gov,1988-12-17,UDPO26567718
Boone,Braisher,bbraishere@icq.com,1972-08-15,DLPX59450633
Lavina,Sleford,lslefordf@cyberchimps.com,1980-09-29,DTKG45955928
Stillmann,Archard,sarchardg@addtoany.com,2001-02-15,PTOE19473647
Louella,Cansdill,lcansdillh@archive.org,1997-12-10,FMVJ60159417
Nicoline,Townend,ntownendi@techcrunch.com,2009-08-02,JPXB47097138
Willamina,Jurewicz,wjurewiczj@reddit.com,2019-11-04,RRTC14922600
Marianna,Szymon,mszymonk@miibeian.gov.cn,2002-12-31,CFQF28693258
Brittani,Narramor,bnarramorl@about.com,2014-07-07,PYKE15965121
Brok,Reedshaw,breedshawm@goodreads.com,1967-07-03,BZKQ73587847
Eugenie,Bullock,ebullockn@networkadvertising.org,1983-12-28,QKET21918802
Onofredo,Fullwood,ofullwoodo@i2i.jp,2001-01-14,SUHD80094303
Ros,Quilleash,rquilleashp@clickbank.net,1964-07-28,GOKX40679082
Jonell,Kinane,jkinaneq@addtoany.com,1978-11-29,DWRR51048182
Lukas,Yendall,lyendallr@1und1.de,2014-06-05,LLDC69508692
Kimberli,Browning,kbrownings@ask.com,2005-08-12,CLAW29456109
Peggi,Kinney,pkinneyt@stumbleupon.com,1984-04-01,JPCZ24207682
Xymenes,Bayldon,xbayldonu@friendfeed.com,2020-12-29,IBNN80104018
Sammy,Stanyan,sstanyanv@scribd.com,1982-12-08,SUEN08897964
Alasdair,Fronczak,afronczakw@vk.com,1996-07-03,VBOK02512025
Mala,Nials,mnialsx@noaa.gov,1993-01-03,TEHO89330221
Leonid,Romand,lromandy@fema.gov,1995-12-18,LKOJ23423833
Grayce,McCullouch,gmccullouchz@house.gov,1965-08-26,ASUO22950971
Avril,Banke,abanke10@symantec.com,2013-06-28,QIGN13531597
Adoree,Adair,aadair11@instagram.com,2016-08-16,MIIW06980830
Moselle,Newlands,mnewlands12@harvard.edu,1976-04-20,JHAD01323581
Bryn,Nancarrow,bnancarrow13@home.pl,1985-10-06,AMQE90866443
Brooke,Betty,bbetty14@ifeng.com,2002-02-26,CWRE95126009
Rachelle,Quickfall,rquickfall15@plala.or.jp,1973-03-09,TWFT91798730
Franchot,Trundler,ftrundler16@shinystat.com,2016-11-07,HSYG71121791
Colleen,de Clerk,cdeclerk17@yellowbook.com,2010-11-23,UMID17341805
Burnard,Connal,bconnal18@accuweather.com,2017-10-16,ODXL79242317
Bren,Farrin,bfarrin19@ocn.ne.jp,1992-03-30,LXZQ99275238
Rick,Fairhead,rfairhead1a@dropbox.com,1963-07-05,MCOH61174194
Marya,Di Giacomo,mdigiacomo1b@economist.com,2000-09-25,XMFH74838214
Gertrud,Yuryaev,gyuryaev1c@spiegel.de,2014-11-18,DIKV26251146
Isaac,Shalloo,ishalloo1d@icq.com,1995-09-24,EQHZ39800844
Rafaela,Desaur,rdesaur1e@dailymotion.com,1994-08-26,ZUUR73235829
Cristal,Kaas,ckaas1f@reference.com,1978-12-23,QSYU30805675
Augustine,Jills,ajills1g@youku.com,1976-02-29,GOFC44447656
Angele,Belsham,abelsham1h@list-manage.com,1977-04-25,TQQN35802232
Howie,Wetter,hwetter1i@nature.com,2015-01-04,FMXS00411057
Hervey,Bransom,hbransom1j@skype.com,1960-07-09,PTCI16712072
Forester,Rissen,frissen1k@delicious.com,2000-03-18,LRNQ02937351
Cissy,Bruntje,cbruntje1l@yahoo.com,2019-01-26,RFTQ86064153
Maxie,Avo,mavo1m@alibaba.com,1952-03-24,MTFR70730264
Ailsun,Minette,aminette1n@slideshare.net,1964-06-05,RBFB26669726
Helaina,Yoskowitz,hyoskowitz1o@engadget.com,2019-04-22,NCUL25773960
Rikki,Bowley,rbowley1p@privacy.gov.au,1974-10-20,CIND48563121
Merlina,Holtom,mholtom1q@histats.com,1952-07-15,JING61455667
Isidor,Clougher,iclougher1r@facebook.com,1984-11-14,QQXW76611506
Aurore,Wainscoat,awainscoat1s@economist.com,2018-09-09,ZIEO25386146
Lonny,McPhelim,lmcphelim1t@washingtonpost.com,1972-10-07,ACFU91799125
Perle,O'Heyne,poheyne1u@google.cn,2003-04-30,WYQM06092525
Glen,MacMeekan,gmacmeekan1v@army.mil,1951-01-05,TQCZ98879693
Karlotta,Flawn,kflawn1w@ycombinator.com,2019-04-01,GHAZ41332473
Ansell,Beales,abeales1x@patch.com,1976-08-12,GLXO70928018
Donavon,Slidders,dslidders1y@behance.net,1951-12-09,AMLC72398690
Collen,Lott,clott1z@europa.eu,2019-07-26,XGXK16965563
Jeniece,Guilder,jguilder20@jiathis.com,1996-09-29,DOJP88053434
Myrna,Creyke,mcreyke21@lulu.com,1988-03-21,HFHQ41587862
Stafford,Lamerton,slamerton22@boston.com,2021-08-01,TDLL17951742
Allayne,Buston,abuston23@t.co,2022-06-11,FWWB95453436
Pancho,Poag,ppoag24@freewebs.com,1974-08-24,HSON58421743
Cherey,Blest,cblest25@upenn.edu,1951-07-29,KILB26986951
Valeda,Boshard,vboshard26@furl.net,2007-04-11,KZOB15895335
Neal,Pothergill,npothergill27@webmd.com,1994-02-24,GUOM92205068
Siobhan,Wayne,swayne28@earthlink.net,1964-12-01,RDUD92469816
Tito,Bellwood,tbellwood29@google.com.au,1957-02-23,VVYF97662345
Hyacinthe,Gant,hgant2a@dailymail.co.uk,2016-07-12,LMPD24273784
Hephzibah,Crinidge,hcrinidge2b@gravatar.com,2011-01-21,UFDD15923336
Yuma,Thurling,ythurling2c@exblog.jp,2018-09-11,GONS34791596
Bram,Deverall,bdeverall2d@virginia.edu,1962-06-29,IWQZ47928748
Kathlin,Janos,kjanos2e@squarespace.com,1955-12-05,CWIO15271410
Danyelle,Sillett,dsillett2f@cpanel.net,1994-12-17,BBCH04868224
Dunc,Reston,dreston2g@shareasale.com,1955-09-27,HZIS04262821
Pancho,Raffles,praffles2h@comsenz.com,1996-12-13,ZWZO78820228
Winfield,Worsnop,wworsnop2i@macromedia.com,2000-07-13,WKXH22948450
Niel,Mateu,nmateu2j@webeden.co.uk,1999-08-29,LQKA61110722
Elissa,Pellingar,epellingar2k@hubpages.com,1970-12-23,PKOV09575176
Lark,Heymes,lheymes2l@guardian.co.uk,2000-10-04,QOXU52624298
Christian,Rops,crops2m@google.com.au,2017-01-23,VSFN13120527
Hana,Mustchin,hmustchin2n@storify.com,2015-02-15,QIOD12235001
Paulie,Dunge,pdunge2o@nature.com,2017-07-17,QWFI99910549
Tuck,Pheazey,tpheazey2p@unc.edu,1988-10-22,UFEI12978367
Sonnie,Physic,sphysic2q@vkontakte.ru,2000-09-26,OXCX33022834
Cori,Dignon,cdignon2r@vinaora.com,2009-06-25,BBKG98190080
Rand,Crow,rcrow2s@whitehouse.gov,2015-10-24,IPXL93638005
Siana,Deboy,sdeboy2t@vistaprint.com,1998-02-20,VINQ35610303
Brietta,Ivanets,bivanets2u@ted.com,1995-03-30,XCJM80187407
Iosep,Yarn,iyarn2v@adobe.com,2002-08-05,NHJT22247328
Lonna,Mucillo,lmucillo2w@army.mil,2010-07-01,GCGY50314696
Marcille,Lydall,mlydall2x@archive.org,2023-01-06,DZBE52105942
Ashlan,Ilbert,ailbert2y@slashdot.org,1963-11-25,RSFD91131748
Carlene,McCrostie,cmccrostie2z@ehow.com,2014-05-13,SCQM65676111
Godard,Domelaw,gdomelaw30@dagondesign.com,1985-03-28,LDUM71002467
Oralee,Kohler,okohler31@oakley.com,1954-02-03,FDED20148760
Maxy,Beslier,mbeslier32@washington.edu,2013-12-10,FOMB46693032
Aprilette,O'Noland,aonoland33@e-recht24.de,2001-07-03,LZHO64669419
Holly-anne,Lear,hlear34@booking.com,2005-07-04,JQGY28600941
Woodie,Fruchter,wfruchter35@dell.com,1962-06-22,YUPD10768602
Eva,Welchman,ewelchman36@clickbank.net,1967-03-24,VUYS16213894
Bent,Strathearn,bstrathearn37@ocn.ne.jp,1953-04-15,UXOO26381605
Phil,Rosenshine,prosenshine38@patch.com,1952-12-26,YLAN96634650
Axel,Peirpoint,apeirpoint39@shinystat.com,2008-04-19,ZMDJ40477419
Giff,Crudgington,gcrudgington3a@amazon.co.jp,1959-06-19,BMKR70628569
Andra,Cavaney,acavaney3b@npr.org,2016-12-02,CSYN76275037
Paige,Gabits,pgabits3c@china.com.cn,1954-02-05,JPEK72389548
Geralda,Senechault,gsenechault3d@themeforest.net,2019-02-25,GNCC80252436
Myer,Duffin,mduffin3e@godaddy.com,1979-06-30,RYIZ73850067
Marni,Rozzell,mrozzell3f@businessweek.com,1992-10-25,JOAR08599600
Carolyne,Gloster,cgloster3g@twitpic.com,2004-08-04,QUUK63683497
Lucine,Widocks,lwidocks3h@addtoany.com,2005-11-17,DVXF72879503
Jyoti,Kittles,jkittles3i@dot.gov,1971-11-15,BBWO49355065
Sonja,Kneale,skneale3j@stanford.edu,1982-10-05,MTDB10840627
Kessia,Fadian,kfadian3k@addthis.com,2005-07-13,VBSG17294710
Rorie,Pippard,rpippard3l@liveinternet.ru,1999-01-11,KEOB25751547
Erny,Mohammed,emohammed3m@google.it,2006-09-10,CHDO06988878
Claudius,Renner,crenner3n@lycos.com,1968-08-12,FLIC81404174
Reginauld,Getsham,rgetsham3o@reverbnation.com,1969-03-13,UMCI26990291
Eddy,Allcoat,eallcoat3p@macromedia.com,1970-10-10,QZFK93531305
Fianna,Hamp,fhamp3q@adobe.com,1995-04-18,ZOSN19777436
Shir,Brendeke,sbrendeke3r@reuters.com,1997-11-06,UIHD84878747
Murvyn,Cordero,mcordero3s@sitemeter.com,1957-07-30,DPYU39442609
Dionis,Locket,dlocket3t@archive.org,1956-07-06,UPRW27189006
Bertha,Cordobes,bcordobes3u@dagondesign.com,2009-04-18,FYLC88282693
Eloise,Walklot,ewalklot3v@hao123.com,1980-04-23,UTDS82306048
Mora,Wallenger,mwallenger3w@youtube.com,1964-01-21,MYMA44778736
Gail,Le Strange,glestrange3x@cnet.com,2012-02-01,ILWK02883019
Syman,Maciak,smaciak3y@mozilla.com,1989-11-03,FDQB61827828
Tiffanie,Brake,tbrake3z@google.ru,1981-05-03,HZXM33538535
Erasmus,Assiratti,eassiratti40@wikimedia.org,1982-08-26,YJXI91560740
Nariko,Follitt,nfollitt41@google.nl,1966-11-01,FKFQ32356659
Gill,Fitch,gfitch42@devhub.com,2009-05-12,MJHN81761046
Bren,Hapke,bhapke43@mediafire.com,2001-08-19,OTLS71603212
Caspar,Newborn,cnewborn44@printfriendly.com,1961-01-06,SCIA74983851
Lennie,Thaller,lthaller45@walmart.com,1972-11-28,YYIW65311516
Phebe,Scutching,pscutching46@twitpic.com,1968-06-19,PUFK85630773
Bill,Aldam,baldam47@instagram.com,1984-11-04,UTPD37443365
Auria,Canter,acanter48@tripod.com,2020-01-01,HDKC61882277
Kai,Trillo,ktrillo49@bbc.co.uk,1979-07-07,HZYB99556707
Jeanie,Lightfoot,jlightfoot4a@deviantart.com,2020-02-08,JSKP65146764
Oralie,Connor,oconnor4b@mayoclinic.com,1983-06-08,SKVM63751623
Addie,Cartmer,acartmer4c@latimes.com,1986-07-14,XNVF11720066
Christal,Kleinber,ckleinber4d@whitehouse.gov,1964-01-01,GAMF80446072
Brannon,Paute,bpaute4e@wiley.com,1954-04-20,LOHG20503438
Mitzi,Leyrroyd,mleyrroyd4f@gizmodo.com,1985-02-04,CFMG50256674
Svend,Kedge,skedge4g@moonfruit.com,1965-05-04,MTLO32776908
Gregoire,Daley,gdaley4h@cyberchimps.com,1952-05-13,QASC77954154
Dalt,Ferfulle,dferfulle4i@privacy.gov.au,1967-03-19,WKRD70375147
Peadar,Van Der Weedenburg,pvanderweedenburg4j@cocolog-nifty.com,1987-12-16,NDKG62544827
Aube,Mayzes,amayzes4k@google.ca,2007-05-18,GVLC02429861
Gerardo,Bonner,gbonner4l@hostgator.com,1967-08-10,GODD92326160
Berke,Beeden,bbeeden4m@paginegialle.it,1953-04-25,MAWM88153240
Gamaliel,Colvill,gcolvill4n@globo.com,1966-04-09,INHE12008329
Sergio,McArley,smcarley4o@deviantart.com,1967-02-18,IARG11554485
Gwendolen,Norval,gnorval4p@epa.gov,1958-03-14,XSUU90975567
Sheri,Chantree,schantree4q@alibaba.com,2006-11-16,GFPB83853764
Gabriellia,Pitcaithley,gpitcaithley4r@unicef.org,1995-07-15,SDTI73390915
Cecil,Grievson,cgrievson4s@kickstarter.com,1981-09-13,SORT08763300
Rudolph,Brindle,rbrindle4t@gizmodo.com,1968-04-24,ESQS19760541
Maude,Kettlestringes,mkettlestringes4u@mac.com,1975-04-09,MBWH02547714
Joan,McIlvaney,jmcilvaney4v@ted.com,1973-08-03,JOBM01335441
Pate,Mickelwright,pmickelwright4w@networkadvertising.org,1998-02-27,YEEF28089655
Clive,Cannan,ccannan4x@sphinn.com,1977-11-01,ESFQ37334028
Victoria,Dixie,vdixie4y@theglobeandmail.com,1969-08-30,ESEC37191933
Korney,Lowles,klowles4z@alibaba.com,1981-07-02,XYYC30388991
Rosita,Vase,rvase50@unblog.fr,1975-12-11,VZMP68612454
Imojean,Morgan,imorgan51@wunderground.com,2012-06-01,UOZV53570415
Aveline,Sellman,asellman52@bbc.co.uk,1972-03-21,AVQP73081562
Mathilda,Espinola,mespinola53@wikimedia.org,1987-05-22,XERS35258242
Delaney,Mumby,dmumby54@dot.gov,1972-02-15,DZDY20424093
Marjie,Polglaze,mpolglaze55@weibo.com,2000-10-13,UEPO36134039
Pascal,Josuweit,pjosuweit56@nhs.uk,1988-01-25,CYIW18370410
Kiri,Torrance,ktorrance57@blogtalkradio.com,1984-02-12,FYCB27482107
Vassili,Althorpe,valthorpe58@istockphoto.com,1978-01-29,AZLZ36851202
Rudd,Seyffert,rseyffert59@wordpress.org,1973-11-22,IQMH80184802
Valentia,Boundey,vboundey5a@tuttocitta.it,1965-06-02,YMWC94143162
Elvin,Janko,ejanko5b@virginia.edu,1959-08-29,SUUR63859236
Tallie,Comsty,tcomsty5c@themeforest.net,1988-01-07,NRRJ97853637
Birk,Matussov,bmatussov5d@sfgate.com,2005-10-21,JLEH05776643
Bailie,Snazle,bsnazle5e@ameblo.jp,1968-05-04,IXBJ20960884
Karlens,Acres,kacres5f@seattletimes.com,1991-09-14,KKTX85417393
Odella,Houseley,ohouseley5g@icio.us,2014-10-19,ROOF98095383
Gabriello,Deacock,gdeacock5h@businessinsider.com,1953-05-18,AWMH34097744
Sandy,Argrave,sargrave5i@abc.net.au,1990-09-14,OEEW73325564
Kip,McLernon,kmclernon5j@cnet.com,1962-05-11,SAUZ46295823
Lindsey,Jaime,ljaime5k@google.de,1993-09-04,HUUS03726033
Linette,Spaxman,lspaxman5l@un.org,2021-09-18,BKIG76048157
Shamus,Fettes,sfettes5m@rambler.ru,1961-10-02,TDHA57405851
Sebastiano,Papis,spapis5n@ovh.net,1969-06-25,MCTU53057198
Odella,Bosley,obosley5o@yellowpages.com,2016-01-16,OYIR71361864
Toni,Ghelardoni,tghelardoni5p@ifeng.com,1982-05-24,UIWD48715385
Sandi,Mion,smion5q@cbslocal.com,2023-01-21,URVB30107221
Gizela,Moyler,gmoyler5r@archive.org,1961-06-17,UHRP01781963
Beulah,Bothram,bbothram5s@github.io,1992-08-25,DSBC86836927
Marijo,Ciobotaro,mciobotaro5t@theguardian.com,1998-12-28,BGJP54984307
Estell,Grzegorzewicz,egrzegorzewicz5u@sina.com.cn,2009-07-17,GRAR18713176
Ogdan,Renol,orenol5v@jugem.jp,1967-01-20,WUJZ24702483
Aluin,Skedge,askedge5w@time.com,1960-04-08,WRWR37973789
Burgess,Copnell,bcopnell5x@huffingtonpost.com,1976-11-03,YBDC21114630
Rina,Pillington,rpillington5y@shop-pro.jp,1970-11-28,LFSI37514827
Ugo,Matschoss,umatschoss5z@springer.com,1963-03-16,IQAO80443829
Coleman,Bycraft,cbycraft60@sciencedirect.com,1963-07-26,YISO18926579
Marielle,Blaes,mblaes61@state.tx.us,1953-04-09,KPLZ31622932
Shelbi,Tollerton,stollerton62@columbia.edu,2008-04-12,BNDY82942787
Kevina,Svanini,ksvanini63@networkadvertising.org,1977-07-16,ITFU95147691
Max,Palfree,mpalfree64@icq.com,2007-07-23,GWYF70585642
Craggy,Stovine,cstovine65@twitpic.com,1953-02-07,RWIP02952594
Konstantine,Duguid,kduguid66@twitpic.com,2010-11-09,XHPM23723686
Dita,Besson,dbesson67@stumbleupon.com,2001-03-01,GIQD70892361
Selina,Safhill,ssafhill68@phoca.cz,1999-10-31,OFJX20672378
Willie,Falla,wfalla69@columbia.edu,1997-08-15,QDEF94067599
Muhammad,Ramme,mramme6a@theguardian.com,1998-08-31,OZFZ84991601
Algernon,Lawday,alawday6b@sciencedaily.com,1953-01-21,CSPH83116262
Faye,De la Yglesia,fdelayglesia6c@usda.gov,1970-04-04,QTLX75761113
Gregory,Gilogly,ggilogly6d@vimeo.com,1951-10-09,GGQD71723767
Chelsey,Stickland,cstickland6e@4shared.com,2006-11-01,SRBW54269108
Francoise,Hewes,fhewes6f@livejournal.com,1995-04-18,PWBI91581854
Garek,Scourge,gscourge6g@odnoklassniki.ru,1996-02-04,LYBW20717299
Kelcie,Coupar,kcoupar6h@mozilla.org,2002-09-28,QMZH17651111
Rowena,Woolis,rwoolis6i@usnews.com,2006-05-25,WVFV83387408
Abbey,Samples,asamples6j@ebay.com,1968-04-23,LLOL46619616
Cherise,Da Costa,cdacosta6k@webeden.co.uk,1970-02-25,DPQV23394200
Moss,Peller,mpeller6l@addthis.com,2023-11-21,RWZV74068536
Philippa,Lind,plind6m@g.co,1987-11-29,RHMX61537722
Sashenka,Posner,sposner6n@wix.com,2003-07-19,VURM78789478
Nancee,Rimell,nrimell6o@hud.gov,1966-08-25,ZNRN93533649
Tadd,Haysar,thaysar6p@e-recht24.de,1957-03-04,UYZM99927359
Fianna,Tonn,ftonn6q@jugem.jp,1967-10-07,SJKE33407992
Gayla,Sall,gsall6r@census.gov,2004-04-26,QMTN58194377
Beatriz,Alwin,balwin6s@cam.ac.uk,1963-12-19,XKNO34999499
Sven,Ricardou,sricardou6t@tamu.edu,1975-11-29,BACA60782948
Trista,Truckell,ttruckell6u@twitpic.com,2017-12-15,YIUW58540397
Luz,Lockier,llockier6v@domainmarket.com,1958-05-19,BLZL04779396
Jone,Castelot,jcastelot6w@google.it,1980-09-11,TWEN96836653
Adriano,Stamper,astamper6x@usa.gov,1969-05-10,ODDP79215192
Dahlia,Burkman,dburkman6y@whitehouse.gov,1985-10-16,RVDG87550119
Drugi,Chesser,dchesser6z@independent.co.uk,1957-08-21,YEFN56219630
Boycie,Guwer,bguwer70@multiply.com,1962-11-14,UPBU60956192
Thatch,Glamart,tglamart71@ezinearticles.com,1999-01-08,LWHW33195395
Milo,Faull,mfaull72@google.ru,1970-08-09,HEHW15750425
Elicia,Marflitt,emarflitt73@creativecommons.org,1955-02-07,KNCI35340813
Gorden,Miles,gmiles74@go.com,1980-10-22,GPGQ51271597
Halley,Hunnaball,hhunnaball75@stanford.edu,2003-10-09,HDDZ59284107
Page,Livesay,plivesay76@yahoo.com,2003-11-16,JKJQ14425601
Caro,Cattlemull,ccattlemull77@etsy.com,1989-05-01,NOAA50686958
Alec,Steffan,asteffan78@netvibes.com,1976-10-05,QNFN91133694
Dona,Dumberrill,ddumberrill79@histats.com,2010-12-10,HZXM50795296
Blinni,Larn,blarn7a@naver.com,2018-09-12,SBMD42935675
Brodie,Cornely,bcornely7b@answers.com,1962-01-06,ATJS54738586
Coriss,Biaggetti,cbiaggetti7c@cafepress.com,1976-01-20,PUFJ07642754
Phaidra,Juza,pjuza7d@nyu.edu,2021-04-22,JYTE77897625
Abbey,Craster,acraster7e@time.com,1975-07-11,PUSP44454898
Porter,Cristofaro,pcristofaro7f@washington.edu,1992-09-17,RRBZ92390553
Trixie,Kalf,tkalf7g@google.com.hk,2020-11-20,QVAX05695017
Werner,Farnin,wfarnin7h@livejournal.com,1980-03-02,FBRT93158445
Tuck,Petworth,tpetworth7i@alibaba.com,2004-03-12,AOVU79670107
Elora,Tuke,etuke7j@tiny.cc,2023-10-13,FYKP50058839
Justina,Pelling,jpelling7k@statcounter.com,1995-05-30,JLXF40174744
Haily,Flaverty,hflaverty7l@google.cn,1995-06-08,QROW22583757
Zacherie,Krystek,zkrystek7m@dropbox.com,2019-08-10,DXXZ80140597
Rita,Bene,rbene7n@chron.com,1997-04-14,ORNX43898205
Persis,Bernardot,pbernardot7o@bloglines.com,2006-03-21,BMTI30642688
Vita,Higford,vhigford7p@free.fr,1958-01-08,NMNP80284894
Gerrilee,Champley,gchampley7q@livejournal.com,1993-10-08,OHJY60484615
Timi,Ficken,tficken7r@aboutads.info,1964-09-17,BHMY02534429
Lou,Padbery,lpadbery7s@myspace.com,2006-08-04,FZPN78186053
Wendi,Oseland,woseland7t@hud.gov,1991-10-04,WFCD22701595
Justus,Lisciandro,jlisciandro7u@si.edu,1980-09-22,RTMF27879939
Adelheid,Wittrington,awittrington7v@flavors.me,2008-11-03,XCTU08070197
Benjamen,Winyard,bwinyard7w@youtube.com,1962-03-08,ZJNT95646497
Lanie,Chazelle,lchazelle7x@discuz.net,1964-10-05,DPBW87425920
Ellis,Weddeburn,eweddeburn7y@businesswire.com,1991-02-21,AJFN21403250
Rozamond,Antoniak,rantoniak7z@delicious.com,1974-10-31,UHSS46032726
Tammie,Holtom,tholtom80@ucsd.edu,1958-05-14,ZTVF55690555
Rose,Lafranconi,rlafranconi81@youku.com,2020-08-15,SPJR41304617
Adam,Wanell,awanell82@taobao.com,1975-04-15,QFKI71508912
Kaleb,Pahler,kpahler83@gnu.org,1983-01-16,XBYG89249462
Betsy,Jarrad,bjarrad84@noaa.gov,2013-02-05,FNYV01181215
Stearne,Reekie,sreekie85@thetimes.co.uk,2018-01-14,CAGF91202372
Fernande,Pulbrook,fpulbrook86@360.cn,2015-02-21,QPFE94543805
Deina,Godbehere,dgodbehere87@goo.gl,1965-01-23,JPMX38738407
Agretha,Tomczynski,atomczynski88@wikimedia.org,1992-02-02,TUWU15957543
Kirby,Dunguy,kdunguy89@techcrunch.com,1971-11-23,YTAP07630280
Leonardo,Luxford,lluxford8a@nasa.gov,1974-06-05,ODJZ59304419
Robert,Sclater,rsclater8b@oakley.com,2022-01-24,EPTN29085486
Sayres,Crenshaw,screnshaw8c@tiny.cc,1981-09-20,JFBJ28825402
Ruben,Spaxman,rspaxman8d@ameblo.jp,1961-10-03,NMBK95299787
Obediah,Petroulis,opetroulis8e@wikimedia.org,1998-11-26,OHWK70334149
Roddy,Brugmann,rbrugmann8f@example.com,1981-04-27,AXGO29204657
Pauli,Collington,pcollington8g@rambler.ru,1993-07-01,DFZT73102352
Vincenty,Martignoni,vmartignoni8h@nih.gov,1994-06-02,VAQU78542854
Bob,Tremblot,btremblot8i@360.cn,1987-10-15,ANCB69739020
Elihu,Furley,efurley8j@plala.or.jp,2020-06-16,QORI78908618
Brenna,Marsters,bmarsters8k@dion.ne.jp,2023-09-17,AEGO77018124
Dusty,Macallam,dmacallam8l@comcast.net,1978-07-10,IHOF53518491
Leanora,Han,lhan8m@ibm.com,1958-11-12,GEMU33530551
Stacy,McKearnen,smckearnen8n@cdc.gov,1965-01-25,RRFZ14767317
Kiersten,Meekings,kmeekings8o@diigo.com,2008-12-14,TNPK58803033
Violetta,Callery,vcallery8p@nationalgeographic.com,2012-03-20,OTNL17581773
Laura,Erat,lerat8q@pbs.org,1994-02-28,EENN94012578
Dacy,Devonshire,ddevonshire8r@ebay.co.uk,1967-12-22,ZYIE10403905
Darcee,Grocutt,dgrocutt8s@cafepress.com,1991-01-17,HEMW08648783
Philippa,Tribbeck,ptribbeck8t@umn.edu,2021-08-12,CBMW40420125
Darice,Bickley,dbickley8u@symantec.com,2014-05-23,CRRO64634316
Bondy,Naylor,bnaylor8v@booking.com,2018-09-03,YHLT70805722
Ree,Camelli,rcamelli8w@theatlantic.com,1992-02-01,ONKF13230182
Sauncho,Clash,sclash8x@utexas.edu,1962-02-01,QZWH49464368
Lurette,Rowlin,lrowlin8y@yelp.com,1976-10-29,CICM16324613
Mildrid,Mabb,mmabb8z@ovh.net,1981-10-03,WICT24544735
Barrett,Petch,bpetch90@xrea.com,1972-06-24,KFIG02961986
Twyla,Tierny,ttierny91@earthlink.net,1973-12-05,UUJP47776126
Kermit,Matusson,kmatusson92@oracle.com,2001-02-24,FOIV39219556
Prentiss,Winkle,pwinkle93@mlb.com,2009-05-03,UGOY62549335
Raina,Maylott,rmaylott94@elegantthemes.com,1950-01-16,XZWD66613645
Dorotea,Firman,dfirman95@a8.net,1986-09-15,ZAVB81840442
Dulcea,Kinglesyd,dkinglesyd96@loc.gov,1953-08-27,QNZI34209387
Perren,Radclyffe,pradclyffe97@goo.ne.jp,1986-01-09,GYYK92728294
Julian,Eddies,jeddies98@mashable.com,1982-07-18,TKSW94588493
Gottfried,Yukhnevich,gyukhnevich99@a8.net,1974-03-28,BGQU00184840
Delphinia,Gadie,dgadie9a@loc.gov,1983-04-10,NJDM08808539
Hasty,Kasperski,hkasperski9b@wired.com,1953-10-02,CCDQ75020029
Holden,Sebert,hsebert9c@aol.com,2001-07-06,DCOC13743319
Lukas,Clubbe,lclubbe9d@nationalgeographic.com,1973-01-23,KICY41483600
Siegfried,Limon,slimon9e@gravatar.com,1985-02-06,FXKN07782342
Kendall,MacConnechie,kmacconnechie9f@about.me,1956-01-09,ACYF99074809
Livy,Sperrett,lsperrett9g@flavors.me,1999-07-15,PERR17326911
Dalli,Hartill,dhartill9h@wikipedia.org,2022-05-13,HIXX45648671
Meredithe,Waterfield,mwaterfield9i@yolasite.com,2005-08-26,NLUA41308156
Dalis,Crow,dcrow9j@bbb.org,1981-12-10,SWZJ05647566
Jolyn,Rosenbarg,jrosenbarg9k@unc.edu,1965-08-19,ZJWU09248050
Jyoti,McGarvie,jmcgarvie9l@smugmug.com,1986-02-06,ROHS30334934
Pieter,Raikes,praikes9m@w3.org,1950-07-20,HGCX90235111
Ernestine,Marfell,emarfell9n@usatoday.com,2017-03-02,OGXU80964955
Sioux,Knoles,sknoles9o@examiner.com,1959-06-08,WMNX70693474
Katalin,Maccraw,kmaccraw9p@moonfruit.com,1971-09-23,URWM23920580
Stuart,Yaneev,syaneev9q@skype.com,2015-01-27,WSBC58756488
Corbie,Lelliott,clelliott9r@unc.edu,2010-08-17,XQHZ94135374
Sharyl,Fryatt,sfryatt9s@ehow.com,1967-10-12,ZWLM88091749
Aldwin,Donhardt,adonhardt9t@timesonline.co.uk,2022-05-30,GDGT39912169
Yvonne,Mc Coughan,ymccoughan9u@csmonitor.com,1967-03-20,VODP60122473
Paxon,Pachta,ppachta9v@forbes.com,2017-07-14,DCZJ74140884
Tab,Dussy,tdussy9w@pcworld.com,1992-05-15,WLHC49207100
Erin,Brookton,ebrookton9x@alibaba.com,1991-07-08,JHCD05270205
Spence,Affleck,saffleck9y@berkeley.edu,1971-09-16,JFZM57178377
Ashlie,Cornely,acornely9z@miibeian.gov.cn,1953-02-05,WGCT27685704
Cobby,Lacey,claceya0@buzzfeed.com,1976-04-24,LNVM83760521
Sheba,Saterthwait,ssaterthwaita1@storify.com,1964-06-06,UUNT51227429
Marylin,Ellington,mellingtona2@instagram.com,1989-11-21,ZCDS50122194
Clyve,Kneebone,ckneebonea3@umich.edu,2010-11-10,ONUY85853718
Tudor,Meddemmen,tmeddemmena4@umich.edu,1956-01-20,SUXP21693338
Whittaker,Jancey,wjanceya5@clickbank.net,2000-06-26,JDOA00664082
Maddie,Kezar,mkezara6@gizmodo.com,2002-04-27,DOSN32061394
Lexi,Prendeville,lprendevillea7@nps.gov,1959-06-19,UGKD83334239
Pauly,Sabates,psabatesa8@admin.ch,1984-09-26,KZDY15774069
Aurilia,Lethbury,alethburya9@tripadvisor.com,2015-05-08,APYW55269075
Lucias,Buddleigh,lbuddleighaa@yale.edu,1969-12-18,URIB39223141
Priscella,Crumley,pcrumleyab@imgur.com,1953-11-04,TXSG75547204
Kory,Collelton,kcolleltonac@kickstarter.com,1995-09-18,FUAV99918782
El,Feares,efearesad@digg.com,1963-12-29,XBRW77405321
Eada,Wilfling,ewilflingae@google.com.hk,1986-09-12,ZUEU33227937
Dory,Stanners,dstannersaf@nih.gov,1952-03-31,MEUR33160842
Perceval,Bonnar,pbonnarag@vinaora.com,1971-05-23,ZJIM38867519
Lester,Drummond,ldrummondah@skyrock.com,1952-12-15,KLNK15208540
Ebenezer,Agiolfinger,eagiolfingerai@census.gov,1958-05-27,ZBTY75866951
Yardley,Bordes,ybordesaj@nasa.gov,2020-12-08,BAKU58898205
Madelle,Fassum,mfassumak@archive.org,1974-04-30,UZAO51369180
Gothart,Tessyman,gtessymanal@smh.com.au,1975-07-28,YNVI38715111
Tyson,Eakins,teakinsam@icq.com,1974-08-01,NRTN74685485
Norrie,Sprakes,nsprakesan@homestead.com,2004-01-20,UNIL31163835
Ursala,Polotti,upolottiao@google.ca,1994-11-16,BLCG41418446
Zena,Russi,zrussiap@nationalgeographic.com,2018-12-07,VEEV66722919
Brena,Prestney,bprestneyaq@google.ru,1996-07-28,CQCI21302247
Jackquelin,Jobe,jjobear@census.gov,1969-08-12,MPJH21929062
Zechariah,Bourdice,zbourdiceas@youtube.com,1960-09-25,GPNN99677210
Angelina,Warrender,awarrenderat@who.int,1991-11-21,WDQK05850208
Alistair,Heims,aheimsau@uiuc.edu,1984-08-07,SHKT77365868
Henry,De Andisie,hdeandisieav@jigsy.com,2003-09-16,FBCL32799317
Horton,Soreau,hsoreauaw@ted.com,2010-10-15,GORQ97897565
Gan,Criag,gcriagax@hubpages.com,1994-10-07,NUAW83489278
Urson,Issakov,uissakovay@paginegialle.it,1963-04-14,JSWF16411759
Jade,Arthur,jarthuraz@discuz.net,1965-07-18,ZVAH83365305
Danika,de Amaya,ddeamayab0@cocolog-nifty.com,1990-07-05,BNMN73531013
Dick,Sautter,dsautterb1@ted.com,2016-01-02,ROAA16727740
Stephannie,Dury,sduryb2@salon.com,2011-01-24,ALAQ81512527
Michele,Treeby,mtreebyb3@drupal.org,2018-10-09,MLKQ68944366
Martica,Heersema,mheersemab4@vimeo.com,2000-12-28,ZCUF67896557
Kelsi,Whalebelly,kwhalebellyb5@skyrock.com,1959-11-14,TRNA99693126
Fiona,Guerrieri,fguerrierib6@elpais.com,2005-10-16,KWHH45144645
Louella,Petyakov,lpetyakovb7@elpais.com,1981-03-20,MRMC29752874
Emmet,State,estateb8@ftc.gov,2000-11-12,FWGP95806782
Prince,Jahns,pjahnsb9@cam.ac.uk,2007-11-13,ITVM53778560
Tobi,Kerrod,tkerrodba@myspace.com,1957-02-20,FHGP10079805
Doretta,Lindenfeld,dlindenfeldbb@ehow.com,1989-01-30,DMQQ09302740
Marylou,Radclyffe,mradclyffebc@ezinearticles.com,1980-03-14,HDBL72747240
Candi,Jaquet,cjaquetbd@odnoklassniki.ru,2022-02-08,EFCQ89540371
Randall,Buggy,rbuggybe@reverbnation.com,2017-02-28,SCLD14820413
Cully,Grzelczak,cgrzelczakbf@archive.org,1962-04-27,JSFS84314551
Novelia,Rump,nrumpbg@huffingtonpost.com,1978-01-15,BVLE45978124
Boony,Handforth,bhandforthbh@joomla.org,2007-02-13,MHWJ58727402
Edi,Schoolfield,eschoolfieldbi@go.com,1956-08-14,DSVA71767442
Culver,Raoult,craoultbj@forbes.com,2020-01-03,EDXQ01320708
Fred,Bigglestone,fbigglestonebk@github.com,2020-11-03,MLVH39892855
Gwenni,Lenoir,glenoirbl@disqus.com,1971-02-07,DEFO78313413
Rich,Elsmore,relsmorebm@howstuffworks.com,1972-10-18,YMPH31578761
Beulah,Royall,broyallbn@auda.org.au,1957-05-18,HVMJ23527223
Jed,Budcock,jbudcockbo@tinyurl.com,1963-05-08,EDMT16171912
Melinde,Asker,maskerbp@nifty.com,2003-08-29,CYEN78216976
George,Blow,gblowbq@forbes.com,2022-11-13,SLHB41766091
Deni,Di Antonio,ddiantoniobr@storify.com,1955-04-06,RZSC53705144
Lay,Hopkins,lhopkinsbs@patch.com,1970-06-10,CURL59030365
Burr,Peat,bpeatbt@huffingtonpost.com,1986-10-07,OTDL73829952
Zelda,Wixey,zwixeybu@diigo.com,1991-05-22,DTMU80741013
Hector,Kloisner,hkloisnerbv@g.co,1964-06-07,INVO17106935
Frazier,Ida,fidabw@ycombinator.com,2003-09-01,WGHO10546586
Ignacius,Di Ruggiero,idiruggierobx@cbc.ca,2013-11-30,JRYS19396155
Ibby,Rengger,irenggerby@pinterest.com,1998-01-11,AHBU70568938
Holli,Barbe,hbarbebz@vistaprint.com,1979-11-27,ENNJ31391098
Auroora,Caulcott,acaulcottc0@accuweather.com,1966-09-17,JKWV50548856
Raynor,Lynskey,rlynskeyc1@businesswire.com,1963-07-16,TRCV66835446
Pandora,Holworth,pholworthc2@ustream.tv,1968-05-11,UEYS63458451
Britte,Marty,bmartyc3@dedecms.com,1969-05-12,SFXQ27373722
Sharron,MacInherney,smacinherneyc4@thetimes.co.uk,1965-04-26,IBOO49020725
Shirline,Millwall,smillwallc5@php.net,1978-09-07,FQGK40151513
Taber,Kettle,tkettlec6@china.com.cn,1962-02-21,AOWP79772011
Jade,Gravet,jgravetc7@ft.com,2022-12-29,XIEC46358993
Aeriel,Rounds,aroundsc8@bigcartel.com,2008-11-17,JCNT00673678
Storm,Rheaume,srheaumec9@ca.gov,2023-01-05,QWYU94666365
Yorgo,Whitlock,ywhitlockca@w3.org,2008-11-17,WNFW11832256
Lesley,Cammidge,lcammidgecb@fc2.com,1999-08-12,WLQD96362992
Gothart,Fronzek,gfronzekcc@dion.ne.jp,2011-11-03,OKJD84262033
Pen,Corbally,pcorballycd@ow.ly,1955-08-29,JSRY54675639
Patin,Mont,pmontce@a8.net,2020-02-16,KQTA14221386
Birgitta,Althrope,balthropecf@merriam-webster.com,1980-11-06,VESL63007722
Steve,Bere,sberecg@discovery.com,1991-03-10,ZWNK65944728
Brittan,Kohter,bkohterch@samsung.com,2008-06-01,CJTN64513324
Kiel,Blunderfield,kblunderfieldci@nasa.gov,2021-10-08,VUCY09792094
Josselyn,Tiesman,jtiesmancj@angelfire.com,1981-04-25,ZHSU72828098
Elise,Canario,ecanariock@msu.edu,2015-01-16,ARZE65727220
Ebonee,Bowler,ebowlercl@microsoft.com,1978-10-12,CXDL82629228
Sigfrid,Cradey,scradeycm@infoseek.co.jp,1984-08-04,JAWF00035931
Maddalena,Branston,mbranstoncn@netlog.com,2014-02-18,IMLQ54378997
Todd,Korbmaker,tkorbmakerco@cornell.edu,2021-11-09,RJMG81083739
Harper,Watkiss,hwatkisscp@xinhuanet.com,1992-06-09,TZJE87483518
Hedwig,Oliva,holivacq@prnewswire.com,1958-11-04,XIWM97948088
Corenda,Colomb,ccolombcr@mit.edu,1999-08-11,AVJN58355007
Onfroi,Grahlmans,ograhlmanscs@who.int,1981-08-07,EFYH03658876
Thalia,Guidone,tguidonect@biglobe.ne.jp,1981-04-10,HFYZ98441032
Alene,Sired,asiredcu@edublogs.org,2009-05-23,BHFY81935927
Pattie,Annand,pannandcv@ezinearticles.com,1974-08-28,RPTL14116009
Melodie,Tommaseo,mtommaseocw@eventbrite.com,1987-12-17,SKZO84351821
Raven,Murkus,rmurkuscx@freewebs.com,1998-12-11,BULG31173727
Yorgos,Burnall,yburnallcy@t-online.de,1961-10-16,XHHV34393334
Celina,Heyfield,cheyfieldcz@list-manage.com,1957-09-01,UJDR16609921
Quincey,Dignan,qdignand0@un.org,2016-06-17,IBEQ25956453
Dietrich,Conneely,dconneelyd1@npr.org,2018-07-20,MCWD33528857
Mandel,Pellingar,mpellingard2@google.nl,1973-06-20,TQYO20752557
Randee,Nevins,rnevinsd3@domainmarket.com,1995-11-20,QYWW05572769
Petronille,Olwen,polwend4@mac.com,1999-05-19,LVIG54372940
Aleece,De Brett,adebrettd5@hhs.gov,2014-03-04,LHZF04930649
Bartholomeo,Gatiss,bgatissd6@answers.com,1997-01-11,THXT71677818
Powell,Berthomieu,pberthomieud7@godaddy.com,2012-10-22,JOYI18782283
Artemis,Vicar,avicard8@macromedia.com,1993-10-22,BDVL84984332
Lorain,Scrivin,lscrivind9@nbcnews.com,2016-08-14,JOIC68424557
Reagen,Murray,rmurrayda@cbslocal.com,2003-05-14,IPLF23338336
Brunhilde,Giffin,bgiffindb@chron.com,1961-04-11,NZEM42896209
Jaime,Mount,jmountdc@goo.ne.jp,1978-03-20,QPWR04880576
Nat,Escolme,nescolmedd@dyndns.org,1994-06-27,ATCL37915357
Ellwood,Shutler,eshutlerde@deviantart.com,1982-01-25,IVEM53783797
Stephen,Van der Kruis,svanderkruisdf@vkontakte.ru,2017-07-08,WFYI69800328
Kesley,Stronough,kstronoughdg@unicef.org,1952-11-07,QMTZ47019968
Lavena,Doley,ldoleydh@over-blog.com,2019-12-10,UEKG92805141
Prudence,Atwood,patwooddi@nytimes.com,1995-06-02,MUTT43072922
Maribel,Hasker,mhaskerdj@cloudflare.com,1990-01-29,VCPX14190007
Rori,Dellenbroker,rdellenbrokerdk@taobao.com,2018-10-06,VMHO80919298
Inna,Rihanek,irihanekdl@sciencedaily.com,1952-09-23,CEUJ21985724
Sharlene,Latta,slattadm@home.pl,1956-01-23,ZBZV59448740
Theressa,Cullum,tcullumdn@bloglines.com,1964-03-16,UUHU32709692
Cosme,Leveret,cleveretdo@slate.com,1988-02-10,PZVN85672301
Ramonda,Matignon,rmatignondp@economist.com,1972-06-25,NECE86611544
Bentley,Clatworthy,bclatworthydq@phpbb.com,1987-01-04,AUYD83695517
Fawne,Christoffe,fchristoffedr@washingtonpost.com,1990-03-25,SMQU62422384
Maryanna,Winston,mwinstonds@dmoz.org,1952-02-27,CSAB30801270
Theo,Dahl,tdahldt@va.gov,2017-06-30,BUTH68551630
Uta,Klich,uklichdu@yandex.ru,1996-04-11,SIVQ44812099
Werner,Botfield,wbotfielddv@webeden.co.uk,1965-02-16,CNTJ09890935
Tiebout,Ughelli,tughellidw@cafepress.com,1971-12-01,RTLT07560359
Oralie,Scruby,oscrubydx@gizmodo.com,1994-07-05,IQLE75073885
Cornell,Sutcliff,csutcliffdy@jugem.jp,1979-09-26,YZJK43732245
Fairlie,Sprigings,fsprigingsdz@themeforest.net,1972-09-21,EHBR41750829
Florella,Hendrikse,fhendriksee0@taobao.com,1971-02-16,YGZW63957189
Quillan,Steely,qsteelye1@blogtalkradio.com,1998-01-14,HKQX17974892
Shannen,Duinkerk,sduinkerke2@hp.com,1957-09-20,KHIW13927720
Gilberta,Cona,gconae3@networkadvertising.org,1971-07-09,NEOB21319897
Alard,Goundrill,agoundrille4@spiegel.de,1978-12-14,TAVF15960792
Andres,Sheaber,asheabere5@pen.io,1952-10-16,XAYO75353526
Lorenza,Gusney,lgusneye6@simplemachines.org,1969-03-22,NIIZ15801679
Dotty,Dibbert,ddibberte7@kickstarter.com,1992-05-22,ILTS21684494
Mariele,Donaway,mdonawaye8@hugedomains.com,1956-12-10,HKWH04457229
Mehetabel,Dayley,mdayleye9@bloomberg.com,1981-09-30,CYVB99840679
Guglielmo,Mollindinia,gmollindiniaea@msn.com,1984-11-22,QPME33275270
Bartlet,Ludvigsen,bludvigseneb@liveinternet.ru,1995-11-16,SFKO18487607
Alberik,Tollow,atollowec@nhs.uk,1992-01-26,AYOH96508710
Albrecht,Arminger,aarmingered@taobao.com,2010-04-16,ZYDQ76081612
Miner,Pyett,mpyettee@usatoday.com,2023-07-31,YLYE67780532
Thorny,Daenen,tdaenenef@addtoany.com,1977-02-13,MYUD93830025
Anson,Greenstock,agreenstockeg@samsung.com,2002-08-06,SREW02528233
Worden,Dugget,wduggeteh@wisc.edu,1959-09-05,IRPB43799704
Cassaundra,Thake,cthakeei@quantcast.com,1998-01-22,ACYF68606492
Yorker,Scotchford,yscotchfordej@printfriendly.com,1983-09-24,RUFS59256056
Erv,Trumble,etrumbleek@dailymotion.com,1990-11-30,UWSE19362826
Guido,Ventom,gventomel@slideshare.net,2005-05-26,MDMA52805072
Fedora,Espinola,fespinolaem@123-reg.co.uk,1990-03-19,STOA92997765
Leanora,Elland,lellanden@nyu.edu,2008-03-24,KPEC69746204
Gottfried,Egginson,gegginsoneo@samsung.com,1980-07-01,LSJU53160776
Ann-marie,Simenet,asimenetep@nyu.edu,2003-11-16,JSSK94195604
Jock,Eisak,jeisakeq@topsy.com,2000-09-18,KDYY67722137
Sheffy,Stockill,sstockiller@cdbaby.com,1989-01-02,AVMS19022252
Gregor,Smeal,gsmeales@scribd.com,1970-07-27,RWUS91138747
Winifield,Coste,wcosteet@nymag.com,2006-02-01,WLQG86290180
Filberte,Inglesant,finglesanteu@cisco.com,2007-09-15,OEAT25377593
Verna,Duxfield,vduxfieldev@abc.net.au,2005-03-13,VVDV43744678
Pooh,Landrean,plandreanew@weather.com,2019-04-02,NSSN19162614
Marty,Deeley,mdeeleyex@cocolog-nifty.com,1973-08-11,CHSO70597501
Emmie,Romanet,eromanetey@earthlink.net,2019-06-12,WJTY73369993
Rayshell,MacFarlane,rmacfarlaneez@xrea.com,1955-01-31,EUFJ54442861
Pembroke,Gamlyn,pgamlynf0@globo.com,2009-04-03,OXPK27523386
Elane,Mintoft,emintoftf1@abc.net.au,1964-12-13,SGCR66361842
Trix,Aubin,taubinf2@berkeley.edu,2014-11-19,JYVA18455637
Hildagard,Aldins,haldinsf3@geocities.jp,1984-09-23,XXAW94214131
Perry,Nisco,pniscof4@mapquest.com,1984-08-23,LHXV25327285
Viki,Piel,vpielf5@fastcompany.com,1992-08-21,BXRJ03831387
Isidro,Menco,imencof6@studiopress.com,1998-02-04,QQEW28344558
Judye,Gaskin,jgaskinf7@netvibes.com,1966-04-15,IDZY27370603
Geno,Rugiero,grugierof8@theglobeandmail.com,2001-09-20,WVCZ82724586
Fay,Trowler,ftrowlerf9@craigslist.org,1966-12-02,VPEJ52925247
Farra,Petrushkevich,fpetrushkevichfa@deliciousdays.com,1995-03-22,DWAC05586542
Edward,Rowen,erowenfb@msu.edu,1991-04-10,CWVB04443246
Roderigo,Bowhay,rbowhayfc@paginegialle.it,2013-08-31,TICO18821931
Yoko,Boughtflower,yboughtflowerfd@shutterfly.com,1995-04-01,XZDL44288922
Merry,Wakeford,mwakefordfe@yahoo.com,1969-05-12,AYVP62337450
Roderich,Rossoni,rrossoniff@booking.com,1984-07-05,WEDT29963724
Emalia,Tennison,etennisonfg@blog.com,1971-09-28,BYST31099206
Rourke,Beeching,rbeechingfh@zimbio.com,1960-07-22,YWWI75845591
Brigham,Farndale,bfarndalefi@abc.net.au,2008-09-22,EEIC20068379
Trudie,Balsdone,tbalsdonefj@nymag.com,2005-01-29,XGTA16517308
Neddy,Scoggans,nscoggansfk@dailymail.co.uk,1972-11-03,EFLK38207456
Seka,Degli Abbati,sdegliabbatifl@unicef.org,1995-12-01,LKGE58835228
Bertine,Worsley,bworsleyfm@engadget.com,1980-05-05,LCFW71738005
Amelita,Andrzejewski,aandrzejewskifn@slideshare.net,1956-01-26,KUZK68533971
Benny,Paynter,bpaynterfo@washington.edu,1991-05-19,IIEN47532670
Worthington,Sears,wsearsfp@nymag.com,1995-01-24,VHNT87277947
Peder,Surby,psurbyfq@xrea.com,1966-08-31,GUVD65491817
Monty,Vardy,mvardyfr@unc.edu,2000-05-12,NOXT76215227
Ann-marie,Bettington,abettingtonfs@rambler.ru,2015-06-26,PRTF47565555
Kenyon,Downing,kdowningft@plala.or.jp,1960-07-05,EJBA50861340
Tersina,Di Maria,tdimariafu@google.es,2015-06-28,SLKT86619057
Janetta,Bretelle,jbretellefv@hhs.gov,1956-05-26,RXWX65995916
Caz,Ardron,cardronfw@deviantart.com,1986-06-22,AKGE82257265
Octavius,Ofen,oofenfx@soundcloud.com,2022-08-16,FDWC12095173
Milty,Coskerry,mcoskerryfy@bloglovin.com,2021-01-12,NTVR42335939
Lannie,Skews,lskewsfz@flickr.com,1977-05-23,QEKV64751458
Fiann,Poplee,fpopleeg0@wired.com,2022-11-23,LHKT04637684
Sharia,Norcott,snorcottg1@businessweek.com,1986-03-24,OKYF89837894
De,Hargreave,dhargreaveg2@vkontakte.ru,1964-11-01,MVOE91896232
Lev,Berns,lbernsg3@mozilla.com,1951-08-04,ZQDK15700313
Reinhard,Raffan,rraffang4@hostgator.com,1984-09-16,YGUT50342636
Colver,Walklett,cwalklettg5@pen.io,1983-01-31,MWDI53671467
Kerr,Frowen,kfroweng6@mozilla.org,2022-05-30,QCQT04318067
Claudian,Pyott,cpyottg7@icio.us,1988-11-06,OYCI75819575
Avrom,Lloyds,alloydsg8@dion.ne.jp,2017-11-27,RSSM89199317
Jyoti,Seaborn,jseaborng9@businesswire.com,2004-06-16,CMHR53857743
Hali,O' Borne,hobornega@google.com.au,2009-01-07,YRXZ10594469
Vasilis,Kunzler,vkunzlergb@nature.com,1970-02-26,NONF02997459
Waly,Tottem,wtottemgc@marriott.com,1991-08-29,CMEY47661855
Whitney,Easterling,weasterlinggd@quantcast.com,1998-02-25,ULHN84348630
Aloisia,Bottlestone,abottlestonege@wikimedia.org,2004-12-07,LKYV92816280
Padraic,Jenyns,pjenynsgf@businessinsider.com,1961-10-14,IKDT40125304
Parrnell,Elverston,pelverstongg@hc360.com,1996-08-06,QBHD03558821
Yvette,Ivell,yivellgh@livejournal.com,1989-12-01,PPEK14868018
Catrina,Torvey,ctorveygi@unesco.org,1962-12-05,BIWS79895771
Gasper,Mottram,gmottramgj@census.gov,1996-06-15,OXCS98070550
Alick,Claxson,aclaxsongk@mysql.com,1981-04-14,LJRC67996506
Lynelle,Hardage,lhardagegl@wired.com,1973-03-31,UVJH55585873
Delly,Fisbey,dfisbeygm@goo.ne.jp,2020-05-29,SBAY46999548
Dolly,Juara,djuaragn@chicagotribune.com,1965-09-24,KTFR25744315
Konrad,Wards,kwardsgo@stumbleupon.com,1996-07-06,QWER15901205
Astra,Adriano,aadrianogp@tuttocitta.it,1970-09-13,YIJQ24872804
Ulric,Saltrese,usaltresegq@techcrunch.com,2023-04-22,DRLU40824373
Fredelia,Rebeiro,frebeirogr@storify.com,1965-05-14,PISC84058698
Terrance,Bread,tbreadgs@si.edu,1992-10-11,LHWN77650750
Corbin,Hopfer,chopfergt@so-net.ne.jp,1965-04-07,XMHK62017997
Etta,Heigho,eheighogu@time.com,2016-04-13,OGOH18647259
Aundrea,McGurk,amcgurkgv@tinypic.com,1995-05-15,HLLX39352057
Sophey,Treweela,streweelagw@smugmug.com,1963-06-02,FYSS00618886
Tynan,Turbitt,tturbittgx@123-reg.co.uk,2018-01-15,NEMB68204372
Derrik,Savaage,dsavaagegy@liveinternet.ru,2002-02-05,GCAF69302013
Junia,Kirkland,jkirklandgz@pbs.org,1964-11-07,LZQV71300607
Cassandre,Frances,cfrancesh0@goo.ne.jp,1977-07-25,UZGM38829339
Chic,Bernhard,cbernhardh1@wikipedia.org,1996-02-11,QTNI77927382
Jarrett,Juarez,jjuarezh2@barnesandnoble.com,1978-01-23,LYFA32253652
Jessica,Shale,jshaleh3@usgs.gov,2019-09-17,OPQL21363109
Ali,Jarnell,ajarnellh4@netlog.com,2001-10-30,BQWT12088009
Townsend,Tudor,ttudorh5@qq.com,2015-11-11,BXST82079400
Farica,Eyeington,feyeingtonh6@xinhuanet.com,1975-02-20,HTHV68316540
Leeann,Starbucke,lstarbuckeh7@unblog.fr,1981-03-14,QOBP98252388
Nydia,Olek,nolekh8@ocn.ne.jp,1964-05-26,YGAY80545250
Carley,Brevetor,cbrevetorh9@alexa.com,2018-04-12,HMJG74605797
Meier,Bushill,mbushillha@fc2.com,2015-11-20,UJZO87093512
Eben,Marishenko,emarishenkohb@hexun.com,2018-05-09,PQOI44781316
Munmro,Summerrell,msummerrellhc@ftc.gov,1995-12-30,PYXS06851120
Falito,Demangel,fdemangelhd@php.net,1965-11-11,TNHR57118223
Corliss,Attril,cattrilhe@earthlink.net,1974-07-30,DHHE47916387
Trude,Buckham,tbuckhamhf@dailymail.co.uk,2023-11-01,DTJK76576004
Sylvester,Davers,sdavershg@google.co.uk,1978-05-16,SCBF25516696
Harlene,Haquin,hhaquinhh@pcworld.com,1950-06-20,XDFR09540877
Janith,Baume,jbaumehi@twitpic.com,2021-04-28,MAFF07409916
Pooh,Tipens,ptipenshj@freewebs.com,1976-11-08,YTNM66646778
Licha,Harrold,lharroldhk@goo.ne.jp,1965-07-25,OAKV99576004
Mendie,Sine,msinehl@fastcompany.com,1989-04-01,BZPJ22396055
Geri,Drieu,gdrieuhm@addthis.com,1999-12-18,VBJM16810147
Byrle,Inch,binchhn@home.pl,1950-01-05,ESLX97487308
Patrica,Gerran,pgerranho@gmpg.org,2006-04-13,ETBF14134011
Berni,Showering,bshoweringhp@gizmodo.com,1953-07-18,QFVT24576431
Andreas,Jumeau,ajumeauhq@icio.us,1973-12-08,ASHE12232133
Appolonia,Plessing,aplessinghr@nationalgeographic.com,1993-12-06,IUMK74182022
Philly,Hodge,phodgehs@list-manage.com,1951-06-09,OILQ61131678
Sosanna,Iwanicki,siwanickiht@smh.com.au,1978-09-02,OWQU90005651
Towny,Grabeham,tgrabehamhu@about.me,2023-10-29,WMXZ87469341
Adlai,Eglington,aeglingtonhv@goodreads.com,1974-11-01,GOFP70926013
Keeley,Stollenwerck,kstollenwerckhw@gnu.org,2022-02-15,WDSA63805730
Philbert,Janca,pjancahx@parallels.com,1952-08-24,NUND09679242
Obie,MacKim,omackimhy@miibeian.gov.cn,2020-06-18,FOAL80999590
Zebulon,Margetts,zmargettshz@google.ru,2023-07-17,XFHB99237470
Keelia,O'Cannovane,kocannovanei0@upenn.edu,1963-10-11,CCDX60078680
Nancie,Loomes,nloomesi1@thetimes.co.uk,1972-02-23,CHKL37244990
Donica,Puddle,dpuddlei2@nasa.gov,1981-05-04,ZMBL48940166
Leoline,Raraty,lraratyi3@baidu.com,1958-12-12,QBOM38478895
Hort,Kemish,hkemishi4@studiopress.com,1966-03-15,MQKN41352642
Lucky,Probate,lprobatei5@privacy.gov.au,1988-03-06,ERFO70293675
Cam,McGeever,cmcgeeveri6@mtv.com,1974-10-05,BRFX86624030
Dredi,Suggey,dsuggeyi7@ox.ac.uk,1996-11-16,BNRC00187539
Thorin,Callendar,tcallendari8@who.int,1973-09-05,AFSM83117825
Jemie,Laneham,jlanehami9@feedburner.com,1969-06-29,LGQA20206889
Heath,Penhalurick,hpenhalurickia@va.gov,1961-07-17,MDMW00881075
Malachi,O'Brogan,mobroganib@taobao.com,2018-12-25,QPSE58081006
Gayler,Matieu,gmatieuic@bbb.org,1957-06-02,FNIG26887064
Winna,Hammerman,whammermanid@si.edu,1999-12-24,DOPV53961697
Maressa,Quincey,mquinceyie@huffingtonpost.com,1986-11-29,SKEI25780071
Judd,Matthiesen,jmatthiesenif@ted.com,1951-04-12,SKOM76759149
Brier,Snare,bsnareig@is.gd,1962-11-12,VRIJ23457797
Chelsea,Edward,cedwardih@berkeley.edu,2023-02-09,UNQK31021119
Maud,Huetson,mhuetsonii@free.fr,2022-07-12,OWKY63699442
Ernestine,Whatman,ewhatmanij@woothemes.com,1987-04-09,PTPY07859040
Luis,Brewood,lbrewoodik@businesswire.com,1992-07-31,FUWL81870499
Desi,Mewett,dmewettil@guardian.co.uk,1988-05-19,ZRMA96620450
Lonna,Karpfen,lkarpfenim@moonfruit.com,1973-09-25,HPAT76408808
Daloris,Bilbee,dbilbeein@xrea.com,1991-05-12,RNTP80124784
Aaren,Goodfellowe,agoodfelloweio@multiply.com,1967-08-18,NTZT79807484
Tonia,Humburton,thumburtonip@odnoklassniki.ru,1963-11-20,HWPH46691414
Kincaid,Falls,kfallsiq@google.pl,1987-10-31,SAUF72240625
Arne,Bernini,aberniniir@army.mil,1976-05-22,RCFM64692788
Werner,Pappi,wpappiis@ibm.com,1960-05-05,NKDL25113090
Tonye,Mews,tmewsit@ucsd.edu,1950-07-17,VWFF38153669
Georgina,Warbeys,gwarbeysiu@forbes.com,2012-09-16,SNUE13749886
Aldric,Martinovic,amartinoviciv@macromedia.com,1956-01-10,DVNI38893357
Lindie,Ohanessian,lohanessianiw@issuu.com,2013-07-12,CPZS18324964
Ethelred,MacCawley,emaccawleyix@noaa.gov,1975-06-12,ZBEF69019841
Opalina,How,ohowiy@arstechnica.com,1973-12-02,PZAW61267440
Britni,Dubois,bduboisiz@w3.org,1955-04-06,RUXQ52225788
Worthington,Verdon,wverdonj0@wiley.com,1993-07-26,OHVA52377308
Tricia,Shewring,tshewringj1@mail.ru,2004-05-25,KWQB70224062
Amara,Yedy,ayedyj2@dmoz.org,1989-04-16,TGCE62601175
Aldo,Boothe,aboothej3@sciencedirect.com,2011-04-13,PAWU69311254
Cornall,Kighly,ckighlyj4@noaa.gov,1961-11-14,SNXU69639617
Rosa,Schonfelder,rschonfelderj5@com.com,2021-06-13,KLZZ65220802
Jania,Tremblay,jtremblayj6@w3.org,1969-05-11,LRHR00140612
Thorn,Mulvy,tmulvyj7@clickbank.net,1989-11-16,ZJFX21330003
Florenza,Duddle,fduddlej8@nasa.gov,1986-11-03,UMXC05025053
Link,Ianson,liansonj9@goodreads.com,1997-11-03,EHDK90314613
Stepha,Skade,sskadeja@tumblr.com,1983-03-10,NRQJ79608634
Alexandre,Elvish,aelvishjb@toplist.cz,1989-04-25,QRTV97369853
Mei,Andriessen,mandriessenjc@hibu.com,1994-10-25,ZTFR84970067
Quincy,Jewis,qjewisjd@yandex.ru,1989-08-01,DTAO10865092
Friedrich,Douche,fdoucheje@wikimedia.org,2009-07-27,XVNZ59133439
Marlee,Woollends,mwoollendsjf@wix.com,1961-09-12,ZXKR24216512
Fionna,Ellif,fellifjg@disqus.com,1955-01-26,QGGM09389592
Conney,Copplestone,ccopplestonejh@netlog.com,2006-10-08,RZWN54568986
Jo-anne,Castagnet,jcastagnetji@odnoklassniki.ru,1980-01-11,XFKD51820825
Addie,Handrick,ahandrickjj@si.edu,1998-08-27,ZSRW70503374
Mimi,Pilcher,mpilcherjk@bizjournals.com,2015-04-23,HUDW86301081
Norman,Axtens,naxtensjl@sitemeter.com,1950-09-16,YJLV93593820
Raeann,Goane,rgoanejm@dailymotion.com,1961-02-26,TKBM17274059
Sigfrid,Wilmott,swilmottjn@loc.gov,1968-02-17,IIWU76023671
Jared,Royan,jroyanjo@wp.com,1985-06-20,OHLY52008604
Prescott,Hubberstey,phubbersteyjp@utexas.edu,2014-08-02,BKNZ69335564
Brig,Frankcombe,bfrankcombejq@yale.edu,2013-04-12,GXSM26058086
Smitty,Iczokvitz,siczokvitzjr@reference.com,1996-02-18,QNLJ23168482
Cammi,Botha,cbothajs@salon.com,1982-05-22,UMAH46014592
Jess,Dubock,jdubockjt@unc.edu,1960-03-09,SZCP91805662
Asia,Hendrichs,ahendrichsju@narod.ru,1973-07-02,EHZL39893373
Brady,Bunn,bbunnjv@bigcartel.com,1959-04-15,MNHX94412558
Cello,Schellig,cschelligjw@google.nl,2023-12-26,ISVP99560006
Beulah,Maddinon,bmaddinonjx@godaddy.com,2003-12-16,MQQD42857599
Collette,Eslemont,ceslemontjy@sfgate.com,1956-08-05,EMFN69955826
Paulie,Grinstead,pgrinsteadjz@harvard.edu,2009-05-22,OGJO79922876
Christi,Frantzen,cfrantzenk0@exblog.jp,2022-06-06,SOJH54740526
Cecelia,Fery,cferyk1@webs.com,2005-07-18,DSGX94509686
Katerine,Izon,kizonk2@weebly.com,1977-10-21,HRLG52727913
Levin,Leonard,lleonardk3@alibaba.com,2000-09-15,MPCN57630416
Bartolomeo,Sudddard,bsudddardk4@macromedia.com,2012-01-07,JTOO96012611
Holmes,Pimblott,hpimblottk5@skyrock.com,1996-08-09,QWWN11286813
Shellie,Yitshak,syitshakk6@aol.com,1951-03-16,GUJX66796450
Micaela,Finder,mfinderk7@yellowpages.com,1985-10-27,ZZIT29113218
Hastings,Peeters,hpeetersk8@facebook.com,2001-02-07,LDOD87819692
Lexie,Jime,ljimek9@gnu.org,1950-03-04,VJCK58926013
Rana,Eastam,reastamka@jalbum.net,2000-02-27,HVZL60810591
Maddy,Livesay,mlivesaykb@un.org,1954-01-31,OYRH36205728
Rochette,Weddell,rweddellkc@washingtonpost.com,1962-04-18,LSBD43920959
Goldarina,Malim,gmalimkd@discuz.net,2010-05-16,MQVF61519173
Dalila,Skrzynski,dskrzynskike@nymag.com,1962-12-02,VJJI43235708
Jasper,Conner,jconnerkf@gov.uk,1973-09-07,HHCQ67662389
Arron,Loadwick,aloadwickkg@ameblo.jp,1984-07-08,QTXQ92200950
Arabele,McLaine,amclainekh@ning.com,2011-05-26,UIAG61063185
Dalli,Brabin,dbrabinki@moonfruit.com,1989-11-02,QBYN33067551
Lyn,Filippi,lfilippikj@comcast.net,1989-02-09,EGUD49406173
Christie,Gurr,cgurrkk@comcast.net,1984-02-13,CZAI88396692
Jerry,Stickland,jsticklandkl@sciencedirect.com,1981-03-20,EBAH74147002
Meredith,Potier,mpotierkm@spiegel.de,2001-02-07,PMVX51735040
Marnie,Gresley,mgresleykn@altervista.org,2023-07-13,HIFS00325698
Tricia,Harpur,tharpurko@cocolog-nifty.com,1960-12-26,TOGZ23284838
Quintus,Merlin,qmerlinkp@springer.com,1981-03-15,QAPZ32941428
Katrine,Kinnier,kkinnierkq@army.mil,1986-07-31,IHBJ43382105
Josefa,Heilds,jheildskr@vkontakte.ru,1986-08-25,SQVA18283537
Latia,Kochs,lkochsks@examiner.com,1995-06-28,FUNP13266630
Raffaello,Godar,rgodarkt@nytimes.com,1997-04-07,EOFB94343367
Winonah,Whiteoak,wwhiteoakku@trellian.com,2023-04-08,SVKY98284267
Ingra,Dumphries,idumphrieskv@sina.com.cn,1963-01-17,TJMY10987251
Patrica,Martinuzzi,pmartinuzzikw@accuweather.com,2017-02-07,QBKA90388352
Dido,Buckthorp,dbuckthorpkx@sina.com.cn,1970-02-07,FVYV25496720
Rochella,Rope,rropeky@issuu.com,1994-02-09,OFHA08636332
Marga,Pierucci,mpieruccikz@pen.io,1976-11-22,HKIG66533815
Carlota,Pyser,cpyserl0@tripadvisor.com,2011-05-30,JFQD60010079
Chandler,Zmitrichenko,czmitrichenkol1@salon.com,1981-12-30,SXWC86706185
Alissa,Blagbrough,ablagbroughl2@businesswire.com,1972-12-13,ZLAN23491041
Kissee,Palfree,kpalfreel3@reddit.com,2011-10-08,HSLJ19212966
Brianna,Erbe,berbel4@jugem.jp,1979-06-15,WNUZ39179797
Lamar,Rouzet,lrouzetl5@wisc.edu,2003-04-23,GTGT92241623
Darci,Tween,dtweenl6@gov.uk,1950-07-26,QYYP27857972
Timoteo,Yurkevich,tyurkevichl7@bizjournals.com,1957-03-07,PJVX08356951
Louie,Killelea,lkilleleal8@cisco.com,2012-08-08,ULTH00059407
Langston,Limbert,llimbertl9@ycombinator.com,1983-06-20,PSLV49266888
Elliott,Martini,emartinila@amazon.co.jp,1997-01-25,XLFI08819050
Almeda,Mifflin,amifflinlb@jugem.jp,2020-05-28,IHZL53641270
Gerti,Girardez,ggirardezlc@alexa.com,1968-08-23,NKQV14704909
Abra,Supple,asuppleld@imgur.com,2023-05-16,RRID52108257
Bartholemy,Baume,bbaumele@creativecommons.org,2007-05-30,NQEJ12282593
Amelina,McColl,amccolllf@aboutads.info,1966-02-04,WBXL58415516
Roby,Note,rnotelg@mozilla.org,1972-02-12,XIXK41801893
Elset,Gilling,egillinglh@netscape.com,1983-10-29,PTCQ68383071
Gearalt,Northgraves,gnorthgravesli@yahoo.com,1959-05-27,WGRJ64428442
Perla,Creek,pcreeklj@123-reg.co.uk,1957-02-24,OCKS57940605
Rowan,Poure,rpourelk@ucla.edu,2006-10-05,POKM66939374
Keefer,Bontoft,kbontoftll@who.int,1961-04-04,GKWN48661335
Keene,Taye,ktayelm@cbsnews.com,1984-08-17,GFQX51200457
Donn,Keattch,dkeattchln@bizjournals.com,1995-10-12,PXTJ97358169
Sunshine,Braysher,sbraysherlo@cam.ac.uk,1981-03-30,SQDI14711523
Giffie,Coil,gcoillp@dion.ne.jp,2006-08-07,RTWG82035348
Matias,Troni,mtronilq@discovery.com,1950-04-16,ZMNA49505551
Tore,Hillhouse,thillhouselr@theglobeandmail.com,2018-02-02,QYTQ25840092
Kelcey,Ghiotto,kghiottols@merriam-webster.com,2004-09-21,ZTGA45593269
Addi,Wikey,awikeylt@4shared.com,1988-07-19,ILMO29066288
Arch,Skingley,askingleylu@disqus.com,1998-11-14,VHKX42291395
Arnie,Townsend,atownsendlv@youtu.be,2015-05-07,EYDS89556067
Delaney,Shewring,dshewringlw@dell.com,1958-11-08,TJZP37954485
Barrett,Le Franc,blefranclx@state.gov,1962-05-10,EAYV47494459
Arlen,Kenright,akenrightly@discovery.com,1960-10-24,GETX72180625
Reamonn,Just,rjustlz@discuz.net,2014-09-19,WRAI89564958
Karlee,Woodford,kwoodfordm0@seesaa.net,1971-03-15,TVDN36054101
Massimo,Severn,msevernm1@thetimes.co.uk,2009-07-15,AAGG47102226
Hendrik,Ditzel,hditzelm2@wix.com,1993-06-15,HUYI45606115
Ansell,Erie,aeriem3@irs.gov,1965-11-26,CZZU53130231
Forrest,Draper,fdraperm4@bing.com,1993-12-20,VCLQ48142291
Mureil,Brazener,mbrazenerm5@fotki.com,1994-10-05,PDRF18687074
Eolande,Smeeton,esmeetonm6@google.ca,1962-08-19,UTIH21314070
Linnet,Nolleth,lnollethm7@si.edu,1980-05-07,XXPK49473459
Mayne,Meaker,mmeakerm8@toplist.cz,1993-08-29,EVKT75192804
Ray,Dalgarnocht,rdalgarnochtm9@hp.com,1960-01-11,SCNE95423247
Edlin,Berkeley,eberkeleyma@msu.edu,1973-05-19,DLOD16398809
Kale,Anwell,kanwellmb@irs.gov,1957-02-05,AADE50727164
Kenna,Santora,ksantoramc@boston.com,1959-09-03,YNWT45503734
Joachim,Minihane,jminihanemd@goodreads.com,2015-03-08,ZOSV43217654
Edan,Picker,epickerme@webeden.co.uk,1958-08-11,YHJF51825965
Natala,Van Driel,nvandrielmf@zimbio.com,1982-11-03,VOBL52422012
Fabio,Atherton,fathertonmg@businessinsider.com,1953-09-21,MVKJ53041894
Bronson,Burdin,bburdinmh@printfriendly.com,1974-04-05,LPWQ50659480
Merrill,Nunns,mnunnsmi@freewebs.com,1952-08-24,ERUJ55634070
Mimi,Athridge,mathridgemj@gizmodo.com,2000-11-27,BOIA53528275
Rafe,Risen,rrisenmk@live.com,1957-09-28,OCXO90574201
Liliane,MacComiskey,lmaccomiskeyml@networkadvertising.org,2015-09-07,KUCD44126358
Ardelle,Kinane,akinanemm@ucsd.edu,1952-05-27,WXOR27990376
Cherianne,Brambell,cbrambellmn@about.me,1990-06-12,LGZY32330602
Georgianne,Stot,gstotmo@seesaa.net,1989-11-14,ZZJN25715633
Ingemar,Wilacot,iwilacotmp@sina.com.cn,1963-02-17,MOHL46466665
Philippa,Poon,ppoonmq@vinaora.com,2004-08-23,RKKL62603865
Jana,Skyme,jskymemr@ovh.net,1955-07-04,WCMA22570977
Evvy,World,eworldms@mail.ru,2013-12-12,QYHT29479385
Cinnamon,Shearwood,cshearwoodmt@joomla.org,2010-10-23,RJSM81464763
Michail,Brantl,mbrantlmu@123-reg.co.uk,1960-08-28,DNPE50584215
Woody,Vela,wvelamv@spotify.com,1972-03-03,OJUX27476342
Nina,Broadstock,nbroadstockmw@oakley.com,2004-11-23,DPWO68977261
Marj,Snawden,msnawdenmx@artisteer.com,1975-01-20,XWML23221292
Layne,Ibanez,libanezmy@smugmug.com,2022-12-08,XHHN60942868
Wilt,Braxton,wbraxtonmz@xinhuanet.com,1994-01-27,CMKV46203815
Minnaminnie,Bovingdon,mbovingdonn0@infoseek.co.jp,1961-03-28,LXTX51575116
Marjie,Alderson,maldersonn1@php.net,1995-08-01,VGKJ92174862
Cecilla,Erickssen,cerickssenn2@senate.gov,1993-09-07,YZJJ38549082
Flemming,Dougan,fdougann3@amazon.co.uk,1996-06-08,KEZA26346039
Errick,Mitro,emitron4@creativecommons.org,2019-08-08,RZXX81439520
Mirilla,Rysdale,mrysdalen5@sun.com,1999-09-30,YELV01871170
Zebulen,Sessuns,zsessunsn6@guardian.co.uk,1989-06-18,PODZ45466843
Nessi,Bodicam,nbodicamn7@photobucket.com,1973-01-16,ITGF79466020
Caron,Bambury,cbamburyn8@columbia.edu,1957-03-30,GDQM76310134
Myron,Sonner,msonnern9@ocn.ne.jp,1977-12-20,SUYM64198338
Barthel,Tripony,btriponyna@huffingtonpost.com,1950-04-23,JUOY81622867
Edmund,Doxey,edoxeynb@hao123.com,2023-05-17,MZAP34608811
Chiquita,Tschursch,ctschurschnc@usa.gov,2012-06-13,ZORJ47117586
Tynan,Whiscard,twhiscardnd@java.com,2022-09-17,IXID07282124
Deirdre,Colleck,dcolleckne@ehow.com,1951-10-16,YUJC86160561
Hermia,Wykes,hwykesnf@oakley.com,2007-05-28,BFBU07944879
Troy,Lawlor,tlawlorng@nba.com,1973-01-19,ZFPH71372471
Winne,Rousell,wrousellnh@vinaora.com,1977-04-04,WYMK12894681
Terri,Cawthorne,tcawthorneni@disqus.com,1953-02-14,KWFY14778324
Marv,Lampart,mlampartnj@ft.com,1995-09-26,JHKS99794306
Siusan,Seville,ssevillenk@apple.com,1996-01-24,DBYD15975879
Wallis,Hebdon,whebdonnl@fema.gov,1964-03-04,RDSH71997977
Bernadette,Breache,bbreachenm@npr.org,1959-08-30,OBNV03959005
Whit,Elby,welbynn@jigsy.com,1972-03-01,IXOW80328238
Gael,Campbell,gcampbellno@tmall.com,1975-05-30,DYXY78289734
Rene,Elvey,relveynp@cnet.com,2002-11-06,HJCP87309626
Blondie,Cathie,bcathienq@weibo.com,1980-06-11,WJWH31653707
Shantee,Cogle,scoglenr@cnet.com,1973-02-10,MYRV59995316
Winne,Halfacree,whalfacreens@google.es,1966-12-03,HUYG56087532
Hagen,Bleas,hbleasnt@github.io,1977-12-09,GDFG42173060
Kristine,Semkins,ksemkinsnu@woothemes.com,2003-10-12,YUWB99014234
Roxine,Aykroyd,raykroydnv@xinhuanet.com,1990-04-17,MCGU94094900
Wilhelmine,Titley,wtitleynw@symantec.com,2014-08-14,DWXA72347350
Marleen,Speakman,mspeakmannx@yale.edu,2023-10-27,BGUX71760211
Valry,Sutherington,vsutheringtonny@illinois.edu,2002-08-03,AWSN80239983
Gabbie,Swindles,gswindlesnz@symantec.com,2001-02-17,MAEA61108832
Collin,Burfoot,cburfooto0@acquirethisname.com,1995-12-08,FNGK17263410
Tamarra,Rothera,trotherao1@house.gov,2011-11-26,SUZH70753983
Lorry,Lockery,llockeryo2@wikimedia.org,2019-08-11,LLEO66353904
Grannie,Exley,gexleyo3@about.com,1996-03-09,ZZKX85769043
Billye,Satchell,bsatchello4@sina.com.cn,2001-12-24,LYDL35264964
Edgardo,Glassard,eglassardo5@ehow.com,2012-09-26,TKUG22721054
Morrie,Bucklan,mbucklano6@ucla.edu,1984-12-11,ANQU82795082
Maxi,Corroyer,mcorroyero7@answers.com,2006-07-04,ANWU87202767
Jocko,Marchetti,jmarchettio8@exblog.jp,1992-05-20,VWJF15934055
Pamela,Fadden,pfaddeno9@ft.com,1954-10-02,QOEN91684659
Gertruda,Janiak,gjaniakoa@telegraph.co.uk,1973-12-18,UIHW31699964
Dniren,Aubery,dauberyob@flickr.com,1987-09-01,JWTI01768523
Gabriell,Buffery,gbufferyoc@yahoo.com,2018-04-23,FONC61536863
Davon,Girdlestone,dgirdlestoneod@merriam-webster.com,2001-11-09,NISW13674104
Fergus,Anlay,fanlayoe@cafepress.com,1977-09-02,MLEW71744672
Theodoric,Dobie,tdobieof@wunderground.com,1951-04-15,CPEH71339210
Catharina,Hemshall,chemshallog@tinyurl.com,2017-05-20,DFKJ65260854
Andrus,Paxforde,apaxfordeoh@nba.com,1975-10-06,ABHQ04100793
Levon,Cunnah,lcunnahoi@slashdot.org,2019-07-04,UQJB61069542
Gerrie,Gabbatt,ggabbattoj@tmall.com,2000-09-03,YOQF39481145
Denny,Tackes,dtackesok@chronoengine.com,2015-01-23,OYGB53126686
Lisetta,Hayland,lhaylandol@constantcontact.com,2005-02-04,BMKK59587870
Lucas,Stebbings,lstebbingsom@nyu.edu,1967-11-25,GOUY84003256
Merline,Corkan,mcorkanon@yahoo.com,1989-08-14,JRCD56154985
Cooper,Ludgrove,cludgroveoo@washingtonpost.com,1987-01-31,VCVB64273830
Godfree,Gourley,ggourleyop@soundcloud.com,1987-02-06,CTFC92825162
Zita,Cartmill,zcartmilloq@time.com,1961-11-27,XAHV30698619
Giacobo,Francescozzi,gfrancescozzior@delicious.com,2009-07-30,SZJP17603747
Una,Lathaye,ulathayeos@canalblog.com,1974-08-25,RMER29318715
Xenia,Whale,xwhaleot@tinyurl.com,1993-07-09,NOQE50141846
Westleigh,Ros,wrosou@4shared.com,1979-01-28,WTUG97762770
Nanette,Tregona,ntregonaov@purevolume.com,1966-12-09,UKJU50968967
Byron,Gallafant,bgallafantow@1688.com,1972-09-09,WZYL39632583
Hope,Pindar,hpindarox@qq.com,1997-09-03,OFVO94935538
Abraham,Lidyard,alidyardoy@myspace.com,1989-08-29,JNKV74941983
Karol,Oakley,koakleyoz@goo.ne.jp,1962-12-06,GZZA78917092
Tann,Warrior,twarriorp0@163.com,1988-05-20,HFSI55676055
Brose,Polleye,bpolleyep1@pinterest.com,1998-11-19,KQKJ02037676
Micky,Tretwell,mtretwellp2@nyu.edu,1998-07-07,LKFY20054441
Bink,Tuddenham,btuddenhamp3@indiatimes.com,2023-05-04,ZLWA42345079
Lincoln,Brewster,lbrewsterp4@facebook.com,1986-04-16,JOWW60425846
Mycah,Hawkswood,mhawkswoodp5@csmonitor.com,2003-10-09,RZPJ52921861
Orelia,Busby,obusbyp6@ustream.tv,1968-09-05,QCTI58221907
Lyda,Orwin,lorwinp7@shinystat.com,1985-01-07,VUCQ89248098
Julina,Pilbeam,jpilbeamp8@foxnews.com,1996-09-30,PWIR85858718
Letti,Elias,leliasp9@blinklist.com,1953-04-15,UZQM00653042
Bernadette,Lackham,blackhampa@oaic.gov.au,1962-10-07,GKWO50697157
Channa,Jeffrey,cjeffreypb@dyndns.org,2020-06-24,ZHXE11420386
Fulvia,Yushmanov,fyushmanovpc@jimdo.com,1979-01-21,YWPJ27675326
Roanna,Scholler,rschollerpd@cmu.edu,1962-02-25,RLDK62165744
Ardelle,Larsen,alarsenpe@mayoclinic.com,1985-10-11,SDCL08396391
Torey,Farryann,tfarryannpf@miibeian.gov.cn,2015-09-20,ZPOA59834061
Engracia,Sylvaine,esylvainepg@usgs.gov,2013-09-02,TMQP93346900
Merry,Bridges,mbridgesph@vimeo.com,1988-04-03,LJKO87740213
Rina,Zavattari,rzavattaripi@harvard.edu,1967-11-14,YFCW15431616
Timmie,Copland,tcoplandpj@howstuffworks.com,1987-10-16,VYWT79864980
Sileas,Lynas,slynaspk@nature.com,1991-05-16,XQLD38099336
Matthias,Driver,mdriverpl@twitter.com,1971-06-18,SDIQ91956724
Mar,Fice,mficepm@time.com,1992-09-28,FLAQ08097445
Coralie,Cantrell,ccantrellpn@ca.gov,1973-02-22,YFTM74561590
Charmion,Onn,connpo@paypal.com,1996-03-07,IZJI13152101
Dillon,Beggan,dbegganpp@ocn.ne.jp,1990-09-07,GRPZ63591195
Elke,Ravenhill,eravenhillpq@histats.com,1975-05-29,PKIZ95114558
Tedmund,Rolinson,trolinsonpr@dell.com,2019-08-04,TBBS02565613
Angie,Matschke,amatschkeps@de.vu,1954-06-25,JRII45950586
Brandise,Chillcot,bchillcotpt@mac.com,1996-08-15,YYFC33807753
Skylar,Creak,screakpu@tiny.cc,2018-01-13,TJOJ57393683
Jabez,Retchless,jretchlesspv@yellowbook.com,1979-06-01,YAPH90842967
Darelle,Syers,dsyerspw@ebay.com,1996-08-07,FDBT11368830
Karita,Crann,kcrannpx@arizona.edu,2023-03-18,YYCC96807086
Hetti,Coard,hcoardpy@vistaprint.com,1984-02-06,HMVZ32588625
Baxter,Gogarty,bgogartypz@cornell.edu,1965-04-14,NDHO79899175
Merwyn,McCrum,mmccrumq0@dmoz.org,2021-01-13,PZDQ23997023
Emilia,McGeffen,emcgeffenq1@behance.net,1950-06-06,DWSG41944683
Alysa,Phetteplace,aphetteplaceq2@etsy.com,1968-04-03,ACEC32031356
Evanne,Mordie,emordieq3@i2i.jp,2016-12-19,UFHA61377371
Ethelin,Davidescu,edavidescuq4@wired.com,2014-07-06,TMTF82406689
Roy,Barck,rbarckq5@etsy.com,2021-10-31,NGND31736787
Merry,Wroughton,mwroughtonq6@upenn.edu,2009-10-22,BKUI07006218
Gianna,Stebbings,gstebbingsq7@bloglovin.com,2015-06-25,KGFX32277963
Barris,Aizikovitz,baizikovitzq8@amazon.com,1986-04-10,MMEI81271697
Mattie,Arent,marentq9@techcrunch.com,2012-06-18,HBAP56787687
Lotta,McVanamy,lmcvanamyqa@cafepress.com,1993-02-14,MQRI45276016
Leela,Rihosek,lrihosekqb@irs.gov,2013-12-27,BCIS63031415
Dorothee,Mitie,dmitieqc@etsy.com,2001-01-03,URXF46354913
Stepha,Lingfoot,slingfootqd@linkedin.com,1963-04-06,JMKG38142770
Grace,Bowller,gbowllerqe@gmpg.org,1960-05-25,FDWU01008180
Janifer,Spinella,jspinellaqf@last.fm,1971-07-05,OXLJ67292897
Wang,Birnie,wbirnieqg@51.la,1954-07-12,HKGY83538097
Flss,Bottleson,fbottlesonqh@apache.org,1975-11-13,IHZM06613053
Isaak,Shaplin,ishaplinqi@nps.gov,1956-01-09,SHVT03776965
Timmie,Westpfel,twestpfelqj@g.co,1995-06-26,YZWB57788741
Gregoor,Ethridge,gethridgeqk@ftc.gov,1975-12-09,OLIU78162276
Caleb,Jennins,cjenninsql@va.gov,1965-07-24,AJCX85839866
Brigit,Goaley,bgoaleyqm@vimeo.com,2019-02-01,LZZE67115203
Niccolo,Ox,noxqn@yahoo.co.jp,2008-03-04,VYQW18363483
Kelila,Flaherty,kflahertyqo@gravatar.com,2013-02-12,OZLW58654707
Edwina,Tireman,etiremanqp@chronoengine.com,1993-06-15,VRJK07659495
Ban,Danis,bdanisqq@dion.ne.jp,2017-12-18,KABK64257663
Gino,Gosalvez,ggosalvezqr@jigsy.com,1967-11-10,OECU43541868
Patsy,Gellert,pgellertqs@slate.com,1958-06-17,VBVU68493049
Francisca,Probyn,fprobynqt@weebly.com,1954-12-08,IHKR33634777
Ulises,Muzzillo,umuzzilloqu@uol.com.br,1993-04-17,UDFB12461807
Eleanora,MacCrackan,emaccrackanqv@globo.com,2004-06-25,FSOY61007407
Minta,Rolstone,mrolstoneqw@cmu.edu,1959-11-29,DCST66863119
Breanne,Martensen,bmartensenqx@sfgate.com,1980-03-27,HSPF68475044
Ertha,Klugel,eklugelqy@cnn.com,1995-04-14,JDHN51264587
Theobald,Chitter,tchitterqz@mysql.com,2023-01-21,KHDF42100882
Aguste,Farreil,afarreilr0@netscape.com,1992-07-07,HSNG50826028
Hildagard,Hendrickx,hhendrickxr1@mysql.com,1987-11-17,VMHF93102175
Lester,Kos,lkosr2@independent.co.uk,1954-03-16,RWFD45188800
Sonja,Doherty,sdohertyr3@telegraph.co.uk,1996-03-25,JZET08344850
Venus,Dockery,vdockeryr4@123-reg.co.uk,1979-11-10,WJYD60525353
Zebulon,Millins,zmillinsr5@mit.edu,1981-11-07,FMBT84006231
Meghann,Aaron,maaronr6@theguardian.com,1976-04-14,YXET51528216
Dyanne,Pischof,dpischofr7@columbia.edu,2003-02-09,LFSM72122436
Justine,Curedale,jcuredaler8@hibu.com,2010-12-30,AXOD44822536
Bran,Biasotti,bbiasottir9@exblog.jp,1979-01-26,AVDH64964756
Glenn,Assante,gassantera@bloglines.com,1965-11-06,OSLC52685947
Rosalinde,Powles,rpowlesrb@nyu.edu,1983-07-05,WNBS04980561
Braden,Huguenet,bhuguenetrc@friendfeed.com,1960-05-03,LPYD86719071
Dulsea,Skirven,dskirvenrd@webeden.co.uk,2021-03-01,BIQU65586160
Yurik,Whipp,ywhippre@newyorker.com,1975-02-05,JRBF98068872
Patrica,Minchindon,pminchindonrf@usda.gov,1993-01-12,OGHX50490589
Blancha,Pardew,bpardewrg@slashdot.org,2014-09-06,YMOY36787855
Aileen,Calow,acalowrh@trellian.com,1976-12-25,VTBY62928506
Neel,Cattow,ncattowri@spotify.com,1968-07-17,DYMH88097814
Laurens,Petto,lpettorj@mediafire.com,2012-11-06,SJPD80219945
Sheppard,Casotti,scasottirk@cnn.com,1978-02-19,PIOC09763403
Elwira,Ginnelly,eginnellyrl@nba.com,2009-12-20,LMNX33514786
Demeter,Starmont,dstarmontrm@ovh.net,2015-08-31,KPZF44238518
Mace,Clemmensen,mclemmensenrn@vistaprint.com,2006-12-07,NWPS07703601
Bartram,Bunkle,bbunklero@networkadvertising.org,1992-09-28,PGAA91372792
Ken,Elcoate,kelcoaterp@unblog.fr,1951-09-21,VBXT43162051
Bryana,Chanson,bchansonrq@ask.com,2014-04-21,FATF28766518
Bidget,Exer,bexerrr@jigsy.com,2021-07-26,SGKU40228177
