id,first_name,last_name,email,phone_number,birth_date,exercise_number,address_id
1,Kelley,Della,kdella0@un.org,943-219-4398,1980-11-08,8709361069,235
2,Fraze,Coventry,fcoventry1@usda.gov,519-402-4314,2001-06-12,8314442198,400
3,Ozzie,Giamelli,ogiamelli2@altervista.org,947-907-9579,1985-01-06,0772641167,10
4,Zora,Bunn,zbunn3@bluehost.com,600-647-9446,1961-12-11,5626592827,147
5,Xylia,Sargent,xsargent4@patch.com,608-718-3672,1997-09-12,3953922843,410
6,Krista,Drewery,kdrewery5@prnewswire.com,895-105-0604,1998-10-21,9236618111,452
7,Maddie,Gergely,mgergely6@themeforest.net,343-818-3603,1954-10-26,1993990052,13
8,Isa,Whiscard,iwhiscard7@wordpress.org,717-152-6935,1974-12-28,3649435698,265
9,Sonny,Belchambers,sbelchambers8@nydailynews.com,299-612-9451,1986-09-27,6755125133,157
10,Corry,Cervantes,ccervantes9@fastcompany.com,843-739-7702,1975-11-27,9803394455,315
11,Cynthie,Halliberton,challibertona@i2i.jp,428-682-6074,2002-01-29,4791090417,318
12,Theodora,Trafford,ttraffordb@boston.com,591-700-5472,1970-09-04,6751010559,294
13,Tybi,Hodge,thodgec@toplist.cz,449-186-1784,2015-08-10,0264909106,8
14,Tabitha,O'Duane,toduaned@devhub.com,289-813-8539,2003-06-01,7905297527,193
15,Quintilla,Ovitz,qovitze@example.com,837-964-9802,2002-07-15,4699776283,91
16,Carey,O'Dulchonta,codulchontaf@soundcloud.com,713-798-4721,1994-01-30,4459044649,102
17,Eunice,Otterwell,eotterwellg@123-reg.co.uk,346-158-2570,1967-11-02,3880836521,391
18,Giles,Radki,gradkih@mashable.com,884-361-3506,1996-02-13,2242373103,29
19,Meggy,Horlock,mhorlocki@nifty.com,485-669-6556,1974-02-14,1628541275,271
20,Aprilette,Chopping,achoppingj@google.cn,217-479-3477,1976-09-13,5998194261,13
21,Gianni,Roobottom,groobottomk@biglobe.ne.jp,183-447-5973,1960-03-21,4269781840,435
22,Bald,Clemmitt,bclemmittl@drupal.org,308-548-7291,2017-10-15,5772997969,492
23,Ferrel,Srutton,fsruttonm@linkedin.com,157-500-5754,2009-09-23,1180215737,334
24,Maurise,Gogay,mgogayn@privacy.gov.au,203-421-7240,1972-04-22,8735554317,64
25,Brandice,Dudgeon,bdudgeono@pinterest.com,206-774-6564,1968-06-22,2471960161,493
26,Morganne,Huggens,mhuggensp@twitpic.com,599-646-1728,1973-09-14,5277562191,437
27,Constanta,Brookshaw,cbrookshawq@cbc.ca,300-612-2432,2011-11-30,9672797157,290
28,Paul,Danneil,pdanneilr@ucoz.ru,550-916-3989,2005-07-01,1975609244,246
29,Oates,Alen,oalens@ask.com,430-419-4533,1999-05-29,8682154807,282
30,Wendell,Fassman,wfassmant@dell.com,492-241-9232,1953-02-07,6605435305,126
31,Suzette,Kinnerk,skinnerku@sogou.com,369-430-4076,1988-08-30,1313227562,314
32,Dannel,Moscrop,dmoscropv@behance.net,129-736-5145,1967-07-21,3573259598,97
33,Aleen,Darwen,adarwenw@reuters.com,392-562-1891,1983-12-11,4410464982,349
34,Wallas,Noods,wnoodsx@xrea.com,733-588-3499,1999-12-16,4169171064,488
35,Gasper,Adamczewski,gadamczewskiy@unc.edu,204-120-5599,1966-12-01,9667203754,12
36,Cybill,Padula,cpadulaz@aboutads.info,923-174-6617,2013-02-20,2196327135,267
37,Aloin,Milverton,amilverton10@prlog.org,251-189-2020,2002-01-23,6628414325,260
38,Zea,Conre,zconre11@shop-pro.jp,302-760-7783,1983-11-16,3123840390,52
39,Ax,Petschelt,apetschelt12@foxnews.com,357-553-7976,1960-11-16,4151997275,115
40,Lothaire,Durrand,ldurrand13@wikia.com,518-209-0322,1978-09-13,5146863843,493
41,Chev,Red,cred14@foxnews.com,890-662-5051,1991-12-16,6134578508,463
42,Maudie,Tregido,mtregido15@miibeian.gov.cn,432-243-5030,1978-09-14,5863383987,81
43,Kaitlynn,Skocroft,kskocroft16@unicef.org,569-383-0698,1972-12-08,3709182456,28
44,Leandra,Costy,lcosty17@e-recht24.de,111-135-7095,1989-01-17,4441784900,92
45,Lily,Whyteman,lwhyteman18@naver.com,989-440-3687,2011-03-05,8095042779,238
46,Gillian,Symmers,gsymmers19@youtu.be,864-700-3811,2004-08-28,2155489648,273
47,Sharla,Spira,sspira1a@mlb.com,248-428-5265,1995-12-05,1122693810,272
48,Carly,O'Lenechan,colenechan1b@princeton.edu,509-412-5335,1989-01-06,5188934731,422
49,Haley,Street,hstreet1c@noaa.gov,518-704-2793,2003-01-13,9117393605,43
50,Ines,Lowensohn,ilowensohn1d@nytimes.com,919-455-0263,1969-04-28,1069899646,253
51,Jeniffer,Pallent,jpallent1e@netlog.com,472-440-4944,2009-07-03,3372232275,274
52,Ham,Toffolo,htoffolo1f@amazon.co.uk,529-643-8468,1953-12-10,4088131555,149
53,Doralyn,Chatin,dchatin1g@mayoclinic.com,247-968-9804,1991-03-03,5041173619,26
54,Yorgo,Baffin,ybaffin1h@webeden.co.uk,214-497-7924,1964-01-07,0988237864,42
55,Veronique,Cockerton,vcockerton1i@weibo.com,897-395-1200,1975-11-13,1794253551,386
56,Cynthea,Maundrell,cmaundrell1j@diigo.com,959-197-1515,2018-11-27,5045560133,294
57,Vinita,Daly,vdaly1k@wikipedia.org,500-989-8941,2018-07-29,7657347424,75
58,Deni,Dumbare,ddumbare1l@mozilla.com,689-449-7530,1967-04-26,4571327942,244
59,Gilli,de Juares,gdejuares1m@google.co.uk,620-405-0938,1958-01-21,4380272682,442
60,Riannon,Jacobs,rjacobs1n@addtoany.com,999-660-2388,1956-10-10,0427204555,485
61,Gal,Barras,gbarras1o@is.gd,866-953-8511,2018-07-29,6498054260,458
62,Gabriel,Gert,ggert1p@about.me,433-856-0463,1998-03-06,8392199962,416
63,Sorcha,Handslip,shandslip1q@arstechnica.com,559-116-9786,1974-07-28,0129798634,413
64,Brander,Giuron,bgiuron1r@ox.ac.uk,838-188-9028,1954-05-16,3254725377,460
65,Gratiana,Sirman,gsirman1s@yahoo.com,188-255-4081,1959-10-22,1456553045,468
66,Sharline,Rollin,srollin1t@mac.com,327-114-5205,2012-04-21,9056385950,197
67,Rodrick,Samsonsen,rsamsonsen1u@netlog.com,419-723-4311,1967-01-09,9302496897,318
68,Welby,Kristufek,wkristufek1v@rambler.ru,565-718-7455,1962-07-30,9113233953,160
69,Leshia,Sapsforde,lsapsforde1w@omniture.com,104-471-7636,2019-04-05,6197455132,284
70,Laryssa,Casbolt,lcasbolt1x@cnn.com,279-962-4628,1957-06-14,7864687672,351
71,Eveleen,Lent,elent1y@dailymail.co.uk,600-433-4628,1992-05-31,3900587344,456
72,Evvy,Foucar,efoucar1z@ca.gov,234-479-7958,2019-03-26,4183456433,212
73,Charlotta,Meininking,cmeininking20@ucsd.edu,861-355-7997,1969-01-08,8276853839,408
74,Reese,Coxen,rcoxen21@amazon.co.jp,212-705-6751,2013-12-18,9717119517,392
75,Daile,Greenhall,dgreenhall22@netvibes.com,863-847-1892,2014-02-01,4605608189,274
76,Grete,Swanston,gswanston23@creativecommons.org,946-909-0041,1988-02-13,8506253212,56
77,Rhody,Drife,rdrife24@washington.edu,483-100-4696,1959-04-28,7467928344,432
78,Ulrika,Laugharne,ulaugharne25@usa.gov,130-717-2549,2013-09-21,5457611797,225
79,Merv,Goudman,mgoudman26@nbcnews.com,986-385-5270,1953-03-27,0387983891,413
80,Julia,Conquest,jconquest27@scientificamerican.com,532-553-9086,1977-05-17,3679202678,363
81,Kevan,Whittam,kwhittam28@tamu.edu,247-965-5962,1987-05-30,9653354675,55
82,Gerek,Burfoot,gburfoot29@discovery.com,100-759-9946,2016-10-18,6890016943,228
83,Ainslee,Krelle,akrelle2a@mediafire.com,366-685-9802,2000-09-17,9699187306,346
84,Eldredge,Roberson,eroberson2b@acquirethisname.com,503-117-9369,2002-05-03,6427175888,473
85,Rollie,Thorburn,rthorburn2c@artisteer.com,279-893-5091,2013-10-08,9124816576,332
86,Roderick,Lovitt,rlovitt2d@hao123.com,924-617-7915,2015-06-27,0832326814,85
87,Eryn,Doerr,edoerr2e@abc.net.au,797-668-9328,2010-08-10,5115241352,400
88,Korrie,Wickerson,kwickerson2f@goo.gl,766-167-4240,1962-07-29,4128823104,54
89,Trisha,Hounsham,thounsham2g@buzzfeed.com,181-351-3201,2014-12-28,3307775012,303
90,Maryellen,Gluyus,mgluyus2h@oakley.com,942-397-5860,1955-04-29,4132987043,256
91,Mayor,Grinyer,mgrinyer2i@bluehost.com,784-592-6887,1967-06-27,6888601921,263
92,Pedro,Mapp,pmapp2j@mozilla.org,269-907-9869,1990-05-04,9933677035,489
93,Judd,Smethurst,jsmethurst2k@bigcartel.com,659-808-7720,1990-08-25,9008360496,376
94,Giovanna,Hurren,ghurren2l@bbb.org,932-564-1338,1987-06-16,7571989425,384
95,Thornie,Daughtry,tdaughtry2m@facebook.com,428-164-7562,1970-09-03,7460132770,434
96,Giulietta,Bowle,gbowle2n@squarespace.com,886-725-5014,2013-03-19,5707344048,169
97,Leora,Abbitt,labbitt2o@ustream.tv,884-924-1170,1965-02-24,0619105870,481
98,Jacques,Klaus,jklaus2p@taobao.com,265-674-6411,2000-09-07,6183252024,150
99,Brunhilda,Doge,bdoge2q@pinterest.com,740-490-2084,2016-01-27,3937403898,198
100,Farlay,Pumfrey,fpumfrey2r@wunderground.com,552-424-6946,1983-11-25,0029098905,350
